"Date","Price","Open","High","Low","Vol.","Change %"
"Dec 01, 2017","306.53","305.44","310.32","305.05","4.29M","-0.75%"
"Nov 30, 2017","308.85","308.56","310.70","304.54","4.35M","0.43%"
"Nov 29, 2017","307.54","317.30","318.00","301.23","8.77M","-3.15%"
"Nov 28, 2017","317.55","316.36","320.00","313.92","4.95M","0.23%"
"Nov 27, 2017","316.81","313.25","317.34","309.51","4.56M","0.40%"
"Nov 24, 2017","315.55","313.79","316.41","311.00","3.24M","0.94%"
"Nov 22, 2017","312.60","316.77","317.42","311.84","4.92M","-1.64%"
"Nov 21, 2017","317.81","310.86","318.23","308.71","7.26M","2.94%"
"Nov 20, 2017","308.74","313.79","315.50","304.75","8.25M","-2.00%"
"Nov 17, 2017","315.05","325.67","326.67","313.15","13.74M","0.82%"
"Nov 16, 2017","312.50","313.99","318.14","311.30","5.82M","0.39%"
"Nov 15, 2017","311.30","306.01","312.49","301.50","5.98M","0.84%"
"Nov 14, 2017","308.70","315.00","316.35","306.90","5.68M","-2.12%"
"Nov 13, 2017","315.40","300.13","316.80","299.11","7.58M","4.10%"
"Nov 10, 2017","302.99","302.50","308.36","301.85","4.63M","0.00%"
"Nov 09, 2017","302.99","302.50","304.46","296.30","5.45M","-0.46%"
"Nov 08, 2017","304.39","305.50","306.89","301.30","4.73M","-0.54%"
"Nov 07, 2017","306.05","301.02","306.50","300.03","5.29M","1.08%"
"Nov 06, 2017","302.78","307.00","307.50","299.01","6.49M","-1.08%"
"Nov 03, 2017","306.09","299.50","306.25","295.13","8.89M","2.28%"
"Nov 02, 2017","299.26","300.13","308.69","292.63","19.79M","-6.80%"
"Nov 01, 2017","321.08","332.25","332.61","320.26","8.46M","-3.15%"
"Oct 31, 2017","331.53","320.23","331.95","320.18","5.67M","3.58%"
"Oct 30, 2017","320.08","319.18","323.78","317.25","4.25M","-0.25%"
"Oct 27, 2017","320.87","319.75","324.59","316.66","6.98M","-1.62%"
"Oct 26, 2017","326.17","327.78","330.23","323.20","5.02M","0.10%"
"Oct 25, 2017","325.84","336.70","337.50","323.56","8.59M","-3.41%"
"Oct 24, 2017","337.34","338.80","342.80","336.16","4.49M","0.09%"
"Oct 23, 2017","337.02","349.88","349.95","336.25","5.75M","-2.34%"
"Oct 20, 2017","345.10","352.69","354.55","344.34","4.93M","-1.91%"
"Oct 19, 2017","351.81","355.56","357.15","348.20","5.06M","-2.18%"
"Oct 18, 2017","359.65","355.97","363.00","354.13","4.94M","1.10%"
"Oct 17, 2017","355.75","350.91","356.22","350.07","3.29M","1.47%"
"Oct 16, 2017","350.60","353.76","354.48","347.16","5.38M","-1.40%"
"Oct 13, 2017","355.57","356.98","358.49","353.68","3.54M","-0.03%"
"Oct 12, 2017","355.68","352.95","359.78","352.64","4.09M","0.30%"
"Oct 11, 2017","354.60","353.89","357.60","351.15","4.50M","-0.28%"
"Oct 10, 2017","355.59","346.80","355.63","345.53","6.98M","3.69%"
"Oct 09, 2017","342.94","349.65","351.75","342.67","7.49M","-3.91%"
"Oct 06, 2017","356.88","353.10","360.10","352.25","4.30M","0.44%"
"Oct 05, 2017","355.33","356.00","357.44","351.35","4.17M","0.09%"
"Oct 04, 2017","355.01","351.25","358.62","349.60","8.16M","1.97%"
"Oct 03, 2017","348.14","335.90","348.55","331.28","10.15M","1.94%"
"Oct 02, 2017","341.53","342.52","343.70","335.51","5.29M","0.13%"
"Sep 29, 2017","341.10","341.86","344.68","338.60","5.11M","0.44%"
"Sep 28, 2017","339.60","339.88","342.75","335.40","5.32M","-0.40%"
"Sep 27, 2017","340.97","349.90","351.49","340.50","6.06M","-1.24%"
"Sep 26, 2017","345.25","350.93","351.24","340.90","7.16M","0.08%"
"Sep 25, 2017","344.99","353.15","357.47","342.88","7.61M","-1.74%"
"Sep 22, 2017","351.09","366.49","369.90","350.88","8.16M","-4.20%"
"Sep 21, 2017","366.48","374.90","376.83","364.51","4.62M","-1.99%"
"Sep 20, 2017","373.91","373.00","378.25","371.07","4.92M","-0.32%"
"Sep 19, 2017","375.10","380.00","382.39","373.57","6.45M","-2.57%"
"Sep 18, 2017","385.00","380.25","389.61","377.68","7.19M","1.37%"
"Sep 15, 2017","379.81","374.51","380.00","372.70","5.42M","0.57%"
"Sep 14, 2017","377.64","364.33","377.96","362.63","7.20M","3.12%"
"Sep 13, 2017","366.23","363.82","368.07","359.59","4.19M","0.96%"
"Sep 12, 2017","362.75","364.49","368.76","360.40","5.97M","-0.26%"
"Sep 11, 2017","363.69","351.35","363.71","350.00","7.67M","5.91%"
"Sep 08, 2017","343.40","348.99","349.78","342.30","3.26M","-2.06%"
"Sep 07, 2017","350.61","345.98","352.48","343.45","4.24M","1.76%"
"Sep 06, 2017","344.53","349.50","350.98","341.56","4.09M","-1.45%"
"Sep 05, 2017","349.59","353.80","355.49","345.89","3.85M","-1.63%"
"Sep 01, 2017","355.40","356.12","357.59","353.69","3.05M","-0.14%"
"Aug 31, 2017","355.90","353.55","358.44","352.82","4.07M","0.77%"
"Aug 30, 2017","353.18","349.67","353.47","347.00","3.41M","1.68%"
"Aug 29, 2017","347.36","339.48","349.05","338.75","4.07M","0.49%"
"Aug 28, 2017","345.66","347.28","347.35","339.72","3.76M","-0.69%"
"Aug 25, 2017","348.05","354.24","355.69","347.30","3.48M","-1.38%"
"Aug 24, 2017","352.93","352.52","356.66","349.74","4.58M","0.05%"
"Aug 23, 2017","352.77","338.99","353.49","338.30","4.95M","3.35%"
"Aug 22, 2017","341.35","341.13","342.24","337.37","4.32M","1.03%"
"Aug 21, 2017","337.86","345.82","345.82","331.85","6.50M","-2.76%"
"Aug 18, 2017","347.46","352.91","354.00","345.80","5.41M","-1.27%"
"Aug 17, 2017","351.92","361.21","363.30","351.59","5.03M","-3.03%"
"Aug 16, 2017","362.91","363.00","366.50","362.52","3.41M","0.16%"
"Aug 15, 2017","362.33","365.20","365.49","359.37","3.09M","-0.40%"
"Aug 14, 2017","363.80","364.63","367.66","362.60","4.52M","1.66%"
"Aug 11, 2017","357.87","356.97","361.26","353.62","4.37M","0.69%"
"Aug 10, 2017","355.40","361.60","366.65","354.66","7.09M","-2.24%"
"Aug 09, 2017","363.53","361.00","370.00","358.95","6.89M","-0.46%"
"Aug 08, 2017","365.22","357.53","368.58","357.40","7.45M","2.83%"
"Aug 07, 2017","355.17","357.35","359.48","352.75","6.32M","-0.49%"
"Aug 04, 2017","356.91","347.00","357.27","343.30","9.27M","2.83%"
"Aug 03, 2017","347.09","345.33","350.00","343.15","13.54M","6.51%"
"Aug 02, 2017","325.89","318.94","327.12","311.22","13.09M","1.98%"
"Aug 01, 2017","319.57","323.00","324.45","316.13","8.30M","-1.21%"
"Jul 31, 2017","323.47","335.50","341.49","321.04","8.54M","-3.46%"
"Jul 28, 2017","335.07","336.89","339.60","332.51","4.88M","0.18%"
"Jul 27, 2017","334.46","346.00","347.50","326.29","8.30M","-2.73%"
"Jul 26, 2017","343.85","340.36","345.50","338.12","4.82M","1.25%"
"Jul 25, 2017","339.60","345.00","345.60","334.15","6.99M","-0.85%"
"Jul 24, 2017","342.52","330.24","343.40","330.01","8.64M","4.30%"
"Jul 21, 2017","328.40","329.46","331.26","325.80","4.90M","-0.46%"
"Jul 20, 2017","329.92","326.90","330.22","324.20","5.17M","1.43%"
"Jul 19, 2017","325.26","328.23","331.65","323.22","6.36M","-0.91%"
"Jul 18, 2017","328.24","317.50","329.13","315.66","6.37M","2.71%"
"Jul 17, 2017","319.57","325.54","327.10","313.45","9.88M","-2.50%"
"Jul 14, 2017","327.78","323.19","328.42","321.22","5.63M","1.35%"
"Jul 13, 2017","323.41","330.11","331.60","319.97","8.59M","-1.85%"
"Jul 12, 2017","329.52","330.40","333.10","324.50","10.35M","0.70%"
"Jul 11, 2017","327.22","316.00","327.28","314.30","11.56M","3.53%"
"Jul 10, 2017","316.05","312.90","317.94","303.13","13.82M","0.90%"
"Jul 07, 2017","313.22","313.50","317.00","307.38","14.18M","1.42%"
"Jul 06, 2017","308.83","317.26","320.79","306.30","19.32M","-5.58%"
"Jul 05, 2017","327.09","347.20","347.24","326.33","17.05M","-7.24%"
"Jul 03, 2017","352.62","370.24","371.35","351.50","6.31M","-2.49%"
"Jun 30, 2017","361.61","363.71","366.77","359.62","5.85M","0.24%"
"Jun 29, 2017","360.75","370.61","371.00","354.10","8.22M","-2.83%"
"Jun 28, 2017","371.24","366.68","371.74","362.52","6.30M","2.45%"
"Jun 27, 2017","362.37","376.40","376.40","362.02","7.00M","-4.01%"
"Jun 26, 2017","377.49","386.69","386.95","373.10","6.60M","-1.55%"
"Jun 23, 2017","383.45","382.45","386.99","379.35","6.45M","0.22%"
"Jun 22, 2017","382.61","377.99","385.00","373.57","7.53M","1.65%"
"Jun 21, 2017","376.40","374.35","376.99","368.02","4.92M","1.12%"
"Jun 20, 2017","372.24","376.67","378.88","369.73","7.44M","0.66%"
"Jun 19, 2017","369.80","375.00","376.70","367.80","6.55M","-0.43%"
"Jun 16, 2017","371.40","377.98","378.01","370.10","6.73M","-1.05%"
"Jun 15, 2017","375.34","372.50","375.46","366.49","10.43M","-1.40%"
"Jun 14, 2017","380.66","381.08","384.25","376.31","12.82M","1.25%"
"Jun 13, 2017","375.95","367.62","376.00","366.61","11.81M","4.72%"
"Jun 12, 2017","359.01","357.99","364.50","350.62","10.52M","0.47%"
"Jun 09, 2017","357.32","374.42","376.87","354.80","17.26M","-3.43%"
"Jun 08, 2017","370.00","363.75","371.90","360.22","9.06M","2.88%"
"Jun 07, 2017","359.65","356.34","360.50","355.14","9.40M","1.93%"
"Jun 06, 2017","352.85","344.70","359.49","339.97","11.09M","1.59%"
"Jun 05, 2017","347.32","338.50","348.44","334.21","6.78M","2.20%"
"Jun 02, 2017","339.85","339.77","342.88","335.93","5.59M","-0.15%"
"Jun 01, 2017","340.37","344.00","344.88","337.29","7.61M","-0.19%"
"May 31, 2017","341.01","337.69","342.89","335.16","9.96M","1.76%"
"May 30, 2017","335.10","326.00","336.28","325.76","7.78M","3.06%"
"May 26, 2017","325.14","317.28","325.49","316.31","7.80M","2.62%"
"May 25, 2017","316.83","311.02","316.97","307.81","5.01M","2.13%"
"May 24, 2017","310.22","306.51","311.00","305.40","5.04M","2.09%"
"May 23, 2017","303.86","310.46","310.73","303.48","4.32M","-2.09%"
"May 22, 2017","310.35","312.80","314.37","306.80","4.33M","-0.15%"
"May 19, 2017","310.83","315.50","316.50","310.20","4.69M","-0.71%"
"May 18, 2017","313.06","307.00","313.94","305.31","5.65M","2.27%"
"May 17, 2017","306.11","314.39","314.63","305.50","6.71M","-3.44%"
"May 16, 2017","317.01","317.59","320.06","315.14","4.15M","0.36%"
"May 15, 2017","315.88","318.38","320.20","312.53","7.62M","-2.75%"
"May 12, 2017","324.81","325.48","327.00","321.53","4.12M","0.53%"
"May 11, 2017","323.10","323.40","326.00","319.60","4.75M","-0.65%"
"May 10, 2017","325.22","321.56","325.50","318.12","5.74M","1.23%"
"May 09, 2017","321.26","309.38","321.99","309.10","9.68M","4.58%"
"May 08, 2017","307.19","310.90","313.79","305.82","7.01M","-0.38%"
"May 05, 2017","308.35","298.00","308.55","296.80","8.18M","4.36%"
"May 04, 2017","295.46","307.44","307.77","290.76","14.15M","-5.00%"
"May 03, 2017","311.02","317.67","321.53","310.45","7.13M","-2.47%"
"May 02, 2017","318.89","324.00","327.66","316.56","5.38M","-1.22%"
"May 01, 2017","322.83","314.88","327.25","314.81","8.83M","2.79%"
"Apr 28, 2017","314.07","309.83","314.80","308.00","4.51M","1.76%"
"Apr 27, 2017","308.63","311.69","313.09","307.50","3.47M","-0.50%"
"Apr 26, 2017","310.17","312.37","314.50","309.00","4.70M","-1.15%"
"Apr 25, 2017","313.79","308.00","313.98","305.86","6.74M","1.87%"
"Apr 24, 2017","308.03","309.22","310.55","306.02","5.08M","0.80%"
"Apr 21, 2017","305.60","302.00","306.40","300.42","4.51M","1.02%"
"Apr 20, 2017","302.51","306.51","309.15","300.23","6.15M","-0.99%"
"Apr 19, 2017","305.52","302.46","306.62","302.11","3.90M","1.76%"
"Apr 18, 2017","300.25","299.70","300.84","297.90","3.04M","-0.39%"
"Apr 17, 2017","301.44","302.70","304.00","298.68","4.14M","-0.84%"
"Apr 13, 2017","304.00","296.70","307.39","295.30","9.28M","2.41%"
"Apr 12, 2017","296.84","306.34","308.45","296.32","6.05M","-3.85%"
"Apr 11, 2017","308.71","313.38","313.47","305.50","5.72M","-1.18%"
"Apr 10, 2017","312.39","309.15","313.73","308.71","7.66M","3.26%"
"Apr 07, 2017","302.54","297.50","302.69","297.15","4.58M","1.29%"
"Apr 06, 2017","298.70","296.88","301.94","294.10","5.52M","1.25%"
"Apr 05, 2017","295.00","302.04","304.88","294.20","7.88M","-2.86%"
"Apr 04, 2017","303.70","296.89","304.81","294.53","10.13M","1.74%"
"Apr 03, 2017","298.52","286.90","299.00","284.58","13.89M","7.27%"
"Mar 31, 2017","278.30","278.73","279.68","276.32","3.29M","0.14%"
"Mar 30, 2017","277.92","278.04","282.00","277.21","4.15M","0.19%"
"Mar 29, 2017","277.38","278.34","279.60","275.54","3.68M","-0.03%"
"Mar 28, 2017","277.45","277.02","280.68","275.00","7.99M","2.68%"
"Mar 27, 2017","270.22","260.60","270.57","259.75","6.23M","2.68%"
"Mar 24, 2017","263.16","255.70","263.89","255.01","5.65M","3.29%"
"Mar 23, 2017","254.78","255.39","257.67","253.30","3.32M","-0.09%"
"Mar 22, 2017","255.01","251.56","255.07","250.51","4.06M","1.73%"
"Mar 21, 2017","250.68","262.83","264.80","250.24","6.91M","-4.29%"
"Mar 20, 2017","261.92","260.60","264.55","258.82","3.61M","0.16%"
"Mar 17, 2017","261.50","264.00","265.33","261.20","6.50M","-0.21%"
"Mar 16, 2017","262.05","262.40","265.75","259.06","7.13M","2.47%"
"Mar 15, 2017","255.73","257.00","261.00","254.27","5.33M","-0.88%"
"Mar 14, 2017","258.00","246.11","258.12","246.02","7.60M","4.81%"
"Mar 13, 2017","246.17","244.82","246.85","242.78","3.02M","1.02%"
"Mar 10, 2017","243.69","246.21","246.50","243.00","3.07M","-0.49%"
"Mar 09, 2017","244.90","247.63","248.66","243.00","3.88M","-0.80%"
"Mar 08, 2017","246.87","247.00","250.07","245.32","3.73M","-0.69%"
"Mar 07, 2017","248.59","251.92","253.89","248.32","3.46M","-1.04%"
"Mar 06, 2017","251.21","247.91","251.70","247.51","3.36M","-0.14%"
"Mar 03, 2017","251.57","250.74","251.90","249.00","2.93M","0.44%"
"Mar 02, 2017","250.48","249.71","253.28","248.27","3.35M","0.18%"
"Mar 01, 2017","250.02","254.18","254.85","249.11","4.81M","0.01%"
"Feb 28, 2017","249.99","244.19","251.00","243.90","6.08M","1.53%"
"Feb 27, 2017","246.23","248.17","248.36","242.01","11.46M","-4.19%"
"Feb 24, 2017","257.00","252.66","258.25","250.20","8.17M","0.39%"
"Feb 23, 2017","255.99","264.00","264.66","255.56","14.92M","-6.41%"
"Feb 22, 2017","273.51","280.31","283.45","272.60","8.75M","-1.40%"
"Feb 21, 2017","277.39","275.45","281.40","274.01","5.68M","1.90%"
"Feb 17, 2017","272.23","265.80","272.89","264.15","6.26M","1.22%"
"Feb 16, 2017","268.95","277.60","280.00","268.50","7.08M","-3.86%"
"Feb 15, 2017","279.76","280.00","282.24","276.44","4.95M","-0.43%"
"Feb 14, 2017","280.98","279.03","287.39","278.61","7.35M","0.14%"
"Feb 13, 2017","280.60","270.74","280.79","270.51","7.03M","4.22%"
"Feb 10, 2017","269.23","269.79","270.95","266.11","3.62M","0.01%"
"Feb 09, 2017","269.20","266.25","271.18","266.15","7.82M","2.72%"
"Feb 08, 2017","262.08","257.35","263.36","256.20","3.93M","1.79%"
"Feb 07, 2017","257.48","258.19","260.00","256.42","4.24M","-0.11%"
"Feb 06, 2017","257.77","251.00","257.82","250.63","3.56M","2.56%"
"Feb 03, 2017","251.33","251.91","252.18","249.68","2.19M","-0.09%"
"Feb 02, 2017","251.55","248.34","252.42","247.71","2.50M","0.93%"
"Feb 01, 2017","249.24","253.05","253.20","249.05","3.96M","-1.07%"
"Jan 31, 2017","251.93","249.24","255.89","247.70","4.12M","0.52%"
"Jan 30, 2017","250.63","252.53","255.29","247.10","3.80M","-0.92%"
"Jan 27, 2017","252.95","251.38","253.00","248.52","3.17M","0.17%"
"Jan 26, 2017","252.51","254.29","255.74","250.75","3.15M","-0.77%"
"Jan 25, 2017","254.47","257.31","258.46","251.80","5.15M","-0.05%"
"Jan 24, 2017","254.61","250.00","254.80","249.65","4.97M","2.29%"
"Jan 23, 2017","248.92","245.85","250.89","245.50","6.26M","1.71%"
"Jan 20, 2017","244.73","245.46","246.00","243.01","4.20M","0.40%"
"Jan 19, 2017","243.76","247.25","248.68","240.75","7.73M","2.27%"
"Jan 18, 2017","238.36","236.65","239.71","235.58","3.77M","1.18%"
"Jan 17, 2017","235.58","236.70","239.96","234.37","4.62M","-0.91%"
"Jan 13, 2017","237.75","230.00","237.85","229.59","6.09M","3.55%"
"Jan 12, 2017","229.59","229.06","230.70","225.58","3.79M","-0.06%"
"Jan 11, 2017","229.73","229.07","229.98","226.68","3.65M","-0.06%"
"Jan 10, 2017","229.87","232.00","232.00","226.89","3.66M","-0.61%"
"Jan 09, 2017","231.28","228.97","231.92","228.00","3.98M","0.99%"
"Jan 06, 2017","229.01","226.93","230.31","225.45","5.53M","1.00%"
"Jan 05, 2017","226.75","226.42","227.48","221.95","5.91M","-0.11%"
"Jan 04, 2017","226.99","214.75","228.00","214.31","11.21M","4.61%"
"Jan 03, 2017","216.99","214.86","220.33","210.96","5.92M","1.54%"
"Dec 30, 2016","213.69","216.30","217.50","211.68","4.64M","-0.46%"
"Dec 29, 2016","214.68","218.56","219.20","214.12","4.04M","-2.30%"
"Dec 28, 2016","219.74","221.53","223.80","217.20","3.78M","0.10%"
"Dec 27, 2016","219.53","214.88","222.25","214.42","5.92M","2.90%"
"Dec 23, 2016","213.34","208.00","213.45","207.71","4.67M","2.35%"
"Dec 22, 2016","208.45","208.22","209.99","206.50","3.11M","0.36%"
"Dec 21, 2016","207.70","208.45","212.23","207.41","5.21M","-0.52%"
"Dec 20, 2016","208.79","203.05","209.00","202.50","4.69M","2.99%"
"Dec 19, 2016","202.73","202.49","204.45","199.84","3.49M","0.12%"
"Dec 16, 2016","202.49","198.08","202.59","197.60","3.80M","2.49%"
"Dec 15, 2016","197.58","198.41","200.74","197.39","3.22M","-0.56%"
"Dec 14, 2016","198.69","198.74","203.00","196.76","4.15M","0.27%"
"Dec 13, 2016","198.15","193.18","201.28","193.00","6.82M","2.97%"
"Dec 12, 2016","192.43","192.80","194.42","191.04","2.44M","0.13%"
"Dec 09, 2016","192.18","190.87","193.84","190.81","2.72M","-0.06%"
"Dec 08, 2016","192.29","192.05","192.50","189.54","3.19M","-0.45%"
"Dec 07, 2016","193.15","186.15","193.40","185.00","5.46M","3.93%"
"Dec 06, 2016","185.85","185.52","186.58","182.68","3.39M","-0.51%"
"Dec 05, 2016","186.80","182.51","188.89","182.51","4.07M","2.94%"
"Dec 02, 2016","181.47","182.88","184.88","180.00","4.04M","-0.23%"
"Dec 01, 2016","181.88","188.25","188.53","181.00","5.13M","-3.97%"
"Nov 30, 2016","189.40","191.00","191.89","187.50","3.55M","-0.09%"
"Nov 29, 2016","189.57","195.56","196.73","189.50","4.44M","-3.34%"
"Nov 28, 2016","196.12","195.48","199.35","194.55","4.53M","-0.27%"
"Nov 25, 2016","196.65","193.64","197.24","193.64","2.37M","1.82%"
"Nov 23, 2016","193.14","190.61","195.64","189.00","4.89M","1.03%"
"Nov 22, 2016","191.17","185.84","191.47","183.71","5.60M","3.60%"
"Nov 21, 2016","184.52","185.04","188.89","184.41","4.36M","-0.27%"
"Nov 18, 2016","185.02","190.65","193.00","185.00","5.21M","-1.93%"
"Nov 17, 2016","188.66","183.49","189.49","182.11","4.89M","2.57%"
"Nov 16, 2016","183.93","182.65","184.73","181.21","3.43M","0.09%"
"Nov 15, 2016","183.77","182.78","186.43","182.05","3.90M","1.28%"
"Nov 14, 2016","181.45","188.00","188.25","178.19","6.55M","-3.77%"
"Nov 11, 2016","188.56","184.24","188.88","183.00","3.99M","1.73%"
"Nov 10, 2016","185.35","191.05","191.61","180.42","6.75M","-2.48%"
"Nov 09, 2016","190.06","186.88","192.00","183.95","8.17M","-2.50%"
"Nov 08, 2016","194.94","193.79","197.49","191.26","3.27M","0.90%"
"Nov 07, 2016","193.21","193.59","194.29","190.05","3.87M","1.39%"
"Nov 04, 2016","190.56","189.00","193.46","185.96","5.15M","1.68%"
"Nov 03, 2016","187.42","189.00","191.47","187.04","2.65M","-0.32%"
"Nov 02, 2016","188.02","190.05","192.70","187.50","4.25M","-1.45%"
"Nov 01, 2016","190.79","198.04","198.50","188.10","7.06M","-3.51%"
"Oct 31, 2016","197.73","202.49","202.49","195.81","4.69M","-1.12%"
"Oct 28, 2016","199.97","204.00","205.32","199.83","4.28M","-1.98%"
"Oct 27, 2016","204.01","211.34","213.70","201.65","13.09M","0.88%"
"Oct 26, 2016","202.24","201.00","203.19","200.10","5.63M","-0.05%"
"Oct 25, 2016","202.34","202.90","204.69","201.20","2.45M","-0.21%"
"Oct 24, 2016","202.76","201.00","203.95","200.25","2.75M","1.33%"
"Oct 21, 2016","200.09","198.60","201.57","197.41","2.94M","0.50%"
"Oct 20, 2016","199.10","202.12","203.00","197.05","5.07M","-2.19%"
"Oct 19, 2016","203.56","199.74","206.66","198.06","6.99M","2.24%"
"Oct 18, 2016","199.10","195.99","199.47","193.26","5.68M","2.65%"
"Oct 17, 2016","193.96","197.05","198.39","192.00","4.55M","-1.30%"
"Oct 14, 2016","196.51","200.66","201.43","196.30","4.27M","-1.86%"
"Oct 13, 2016","200.24","200.50","200.90","197.05","2.50M","-0.63%"
"Oct 12, 2016","201.51","200.95","203.88","200.42","1.97M","0.70%"
"Oct 11, 2016","200.10","201.85","202.20","198.31","2.33M","-0.42%"
"Oct 10, 2016","200.95","201.35","204.14","199.66","3.32M","2.21%"
"Oct 07, 2016","196.61","201.00","201.32","195.80","3.49M","-2.18%"
"Oct 06, 2016","201.00","202.46","204.21","200.21","4.70M","-3.58%"
"Oct 05, 2016","208.46","212.24","213.15","208.12","1.88M","-1.40%"
"Oct 04, 2016","211.41","213.10","213.32","208.82","3.54M","-1.07%"
"Oct 03, 2016","213.70","212.30","215.67","208.25","6.00M","4.74%"
"Sep 30, 2016","204.03","202.21","204.98","199.55","2.59M","1.66%"
"Sep 29, 2016","200.70","205.60","207.33","200.58","2.73M","-2.70%"
"Sep 28, 2016","206.27","207.51","208.25","205.26","2.09M","0.22%"
"Sep 27, 2016","205.81","209.65","209.98","204.61","3.37M","-1.52%"
"Sep 26, 2016","208.99","206.50","211.00","206.50","2.39M","0.74%"
"Sep 23, 2016","207.45","205.99","210.18","205.67","2.91M","0.49%"
"Sep 22, 2016","206.43","206.40","207.28","203.00","2.38M","0.59%"
"Sep 21, 2016","205.22","206.37","207.00","201.56","2.63M","0.28%"
"Sep 20, 2016","204.64","206.85","207.75","203.91","2.41M","-0.82%"
"Sep 19, 2016","206.34","207.00","209.43","205.00","2.30M","0.46%"
"Sep 16, 2016","205.40","200.42","205.70","199.00","3.11M","2.48%"
"Sep 15, 2016","200.42","196.49","202.52","196.40","3.09M","2.04%"
"Sep 14, 2016","196.41","195.75","197.92","194.86","2.26M","0.18%"
"Sep 13, 2016","196.05","197.06","198.49","193.45","3.59M","-1.13%"
"Sep 12, 2016","198.30","195.00","201.37","194.10","3.72M","1.97%"
"Sep 09, 2016","194.47","199.09","199.92","193.70","3.76M","-1.46%"
"Sep 08, 2016","197.36","199.55","199.89","196.36","3.38M","-2.16%"
"Sep 07, 2016","201.71","205.50","206.50","200.71","3.64M","-0.55%"
"Sep 06, 2016","202.83","199.02","203.25","199.00","4.39M","2.55%"
"Sep 02, 2016","197.78","202.33","203.20","196.20","5.98M","-1.49%"
"Sep 01, 2016","200.77","209.01","211.10","200.50","7.94M","-5.30%"
"Aug 31, 2016","212.01","210.43","212.60","208.65","3.28M","0.32%"
"Aug 30, 2016","211.34","216.11","216.11","210.52","3.17M","-1.79%"
"Aug 29, 2016","215.20","220.15","220.40","215.00","3.27M","-2.18%"
"Aug 26, 2016","219.99","222.14","222.85","218.82","2.24M","-0.44%"
"Aug 25, 2016","220.96","223.11","223.80","220.77","1.76M","-0.75%"
"Aug 24, 2016","222.62","227.05","227.15","222.22","2.57M","-0.99%"
"Aug 23, 2016","224.84","224.32","228.49","222.80","4.78M","0.86%"
"Aug 22, 2016","222.93","224.17","225.11","222.68","2.07M","-0.92%"
"Aug 19, 2016","225.00","223.54","225.17","222.53","1.66M","0.67%"
"Aug 18, 2016","223.51","223.82","225.66","222.29","1.71M","0.12%"
"Aug 17, 2016","223.24","224.33","224.83","222.80","1.79M","-0.17%"
"Aug 16, 2016","223.61","225.49","227.19","223.41","2.27M","-0.88%"
"Aug 15, 2016","225.59","226.02","229.50","224.93","2.03M","-0.01%"
"Aug 12, 2016","225.61","225.41","226.65","224.04","1.81M","0.31%"
"Aug 11, 2016","224.91","226.17","227.57","223.41","1.88M","-0.33%"
"Aug 10, 2016","225.65","228.24","229.87","224.62","2.34M","-1.50%"
"Aug 09, 2016","229.08","226.82","231.54","226.65","2.21M","1.29%"
"Aug 08, 2016","226.16","228.00","229.60","226.09","2.26M","-1.68%"
"Aug 05, 2016","230.03","230.00","232.00","227.40","3.21M","-0.25%"
"Aug 04, 2016","230.61","225.69","230.86","222.05","4.15M","2.13%"
"Aug 03, 2016","225.79","227.37","229.70","224.21","3.89M","-0.62%"
"Aug 02, 2016","227.20","229.37","229.87","221.40","3.93M","-1.22%"
"Aug 01, 2016","230.01","235.50","236.63","229.38","4.02M","-2.04%"
"Jul 29, 2016","234.79","230.70","235.28","230.24","3.07M","1.81%"
"Jul 28, 2016","230.61","227.95","230.76","226.60","2.42M","0.93%"
"Jul 27, 2016","228.49","229.34","233.36","226.92","2.89M","-0.44%"
"Jul 26, 2016","229.51","227.69","230.00","225.30","3.43M","-0.22%"
"Jul 25, 2016","230.01","222.27","231.39","221.37","4.49M","3.48%"
"Jul 22, 2016","222.27","221.99","224.50","218.88","2.58M","0.80%"
"Jul 21, 2016","220.50","226.00","227.85","219.10","4.43M","-3.44%"
"Jul 20, 2016","228.36","226.47","229.80","225.00","2.57M","1.38%"
"Jul 19, 2016","225.26","225.00","229.10","224.75","3.12M","-0.44%"
"Jul 18, 2016","226.25","219.64","227.09","218.30","3.41M","2.65%"
"Jul 15, 2016","220.40","222.52","222.75","219.64","2.23M","-0.51%"
"Jul 14, 2016","221.53","223.12","224.94","221.05","2.68M","-0.45%"
"Jul 13, 2016","222.53","225.50","225.59","220.29","3.57M","-0.94%"
"Jul 12, 2016","224.65","224.10","227.50","223.22","4.58M","-0.06%"
"Jul 11, 2016","224.78","219.96","226.78","219.51","5.43M","3.69%"
"Jul 08, 2016","216.78","217.80","219.81","214.50","4.07M","0.39%"
"Jul 07, 2016","215.94","213.10","218.12","213.01","3.61M","0.70%"
"Jul 06, 2016","214.44","210.00","215.23","209.00","4.92M","0.21%"
"Jul 05, 2016","213.98","209.73","214.54","208.00","5.18M","-1.16%"
"Jul 01, 2016","216.50","206.14","218.24","206.00","5.40M","1.99%"
"Jun 30, 2016","212.28","212.97","213.50","209.02","4.84M","0.99%"
"Jun 29, 2016","210.19","205.13","211.78","203.00","5.99M","4.16%"
"Jun 28, 2016","201.79","201.89","204.05","199.41","6.21M","1.63%"
"Jun 27, 2016","198.55","190.86","198.81","187.87","7.22M","2.80%"
"Jun 24, 2016","193.15","190.05","195.12","189.73","7.03M","-1.65%"
"Jun 23, 2016","196.40","195.69","197.55","192.13","10.13M","-0.13%"
"Jun 22, 2016","196.66","199.47","205.95","195.75","23.74M","-10.45%"
"Jun 21, 2016","219.61","220.68","222.57","218.81","4.53M","-0.04%"
"Jun 20, 2016","219.70","219.50","223.75","218.23","3.56M","1.96%"
"Jun 17, 2016","215.47","217.81","219.99","214.50","3.11M","-1.13%"
"Jun 16, 2016","217.93","217.42","218.04","213.50","2.44M","0.11%"
"Jun 15, 2016","217.70","216.95","221.90","215.13","2.91M","1.27%"
"Jun 14, 2016","214.96","218.88","222.20","212.53","3.58M","-1.34%"
"Jun 13, 2016","217.87","219.50","225.77","217.66","4.19M","-0.42%"
"Jun 10, 2016","218.79","227.39","227.97","218.42","6.03M","-4.61%"
"Jun 09, 2016","229.36","234.98","235.33","227.06","4.49M","-2.62%"
"Jun 08, 2016","235.52","233.80","240.84","232.60","5.97M","1.37%"
"Jun 07, 2016","232.34","222.24","234.44","221.52","6.21M","5.28%"
"Jun 06, 2016","220.68","218.00","220.90","215.45","2.25M","0.77%"
"Jun 03, 2016","218.99","220.00","221.94","218.01","2.23M","0.01%"
"Jun 02, 2016","218.96","219.59","219.91","217.11","2.03M","-0.27%"
"Jun 01, 2016","219.56","221.48","222.40","216.89","2.98M","-1.64%"
"May 31, 2016","223.23","223.04","224.75","221.50","2.79M","0.09%"
"May 27, 2016","223.04","224.99","225.93","220.75","3.65M","-0.92%"
"May 26, 2016","225.12","220.50","225.26","219.05","4.07M","2.52%"
"May 25, 2016","219.58","217.91","221.36","216.51","3.13M","0.77%"
"May 24, 2016","217.91","216.60","218.74","215.18","3.01M","0.78%"
"May 23, 2016","216.22","219.87","222.60","215.86","5.10M","-1.84%"
"May 20, 2016","220.28","216.99","220.55","216.35","9.01M","2.36%"
"May 19, 2016","215.21","213.62","216.79","207.30","6.87M","1.91%"
"May 18, 2016","211.17","209.15","215.31","207.75","5.62M","3.18%"
"May 17, 2016","204.66","209.05","209.82","204.02","2.84M","-1.74%"
"May 16, 2016","208.29","208.15","213.15","207.92","2.95M","0.33%"
"May 13, 2016","207.61","207.78","211.20","206.70","2.82M","0.16%"
"May 12, 2016","207.28","211.44","211.67","203.66","3.65M","-0.80%"
"May 11, 2016","208.96","207.59","215.48","206.05","5.16M","0.13%"
"May 10, 2016","208.69","207.55","209.47","205.00","4.07M","-0.11%"
"May 09, 2016","208.92","215.72","216.15","206.80","4.78M","-2.80%"
"May 06, 2016","214.93","210.87","216.37","208.11","5.69M","1.61%"
"May 05, 2016","211.53","228.46","228.64","209.79","11.25M","-4.96%"
"May 04, 2016","222.56","230.29","234.46","220.40","8.70M","-4.20%"
"May 03, 2016","232.32","237.36","238.91","231.62","4.30M","-3.92%"
"May 02, 2016","241.80","241.50","243.19","234.82","3.84M","0.43%"
"Apr 29, 2016","240.76","248.14","248.43","237.81","5.41M","-2.81%"
"Apr 28, 2016","247.71","249.85","253.43","247.44","2.52M","-1.50%"
"Apr 27, 2016","251.47","252.75","255.00","249.40","3.21M","-0.89%"
"Apr 26, 2016","253.74","252.05","255.73","249.39","3.22M","0.76%"
"Apr 25, 2016","251.82","253.01","257.38","250.76","3.67M","-0.76%"
"Apr 22, 2016","253.75","248.89","254.00","245.71","3.79M","2.20%"
"Apr 21, 2016","248.29","248.99","250.90","246.91","2.78M","-0.67%"
"Apr 20, 2016","249.97","246.26","253.66","241.50","5.19M","1.05%"
"Apr 19, 2016","247.37","253.12","254.37","241.25","6.36M","-2.56%"
"Apr 18, 2016","253.88","252.23","258.31","251.66","4.27M","-0.25%"
"Apr 15, 2016","254.51","251.31","254.60","249.12","3.75M","1.05%"
"Apr 14, 2016","251.86","253.00","256.84","251.05","4.13M","-1.05%"
"Apr 13, 2016","254.53","248.51","255.50","247.33","4.93M","2.71%"
"Apr 12, 2016","247.82","249.50","251.80","243.63","5.76M","-0.84%"
"Apr 11, 2016","249.92","251.00","258.99","245.30","9.16M","-0.06%"
"Apr 08, 2016","250.07","260.50","260.82","248.02","7.36M","-2.77%"
"Apr 07, 2016","257.20","266.45","269.34","254.51","8.86M","-3.10%"
"Apr 06, 2016","265.42","253.97","267.74","253.45","11.71M","3.89%"
"Apr 05, 2016","255.47","240.50","256.56","240.00","9.95M","3.43%"
"Apr 04, 2016","246.99","249.12","252.12","243.64","13.48M","3.96%"
"Apr 01, 2016","237.59","244.82","247.90","233.25","16.00M","3.40%"
"Mar 31, 2016","229.77","229.34","237.42","225.01","8.01M","1.27%"
"Mar 30, 2016","226.89","235.09","235.50","226.50","4.03M","-1.41%"
"Mar 29, 2016","230.13","229.89","232.38","225.33","4.01M","-0.06%"
"Mar 28, 2016","230.26","231.61","234.81","225.00","3.93M","1.10%"
"Mar 24, 2016","227.75","215.78","228.89","215.00","4.96M","2.32%"
"Mar 23, 2016","222.58","232.37","234.73","222.03","4.95M","-4.98%"
"Mar 22, 2016","234.24","237.21","238.99","232.56","4.32M","-1.71%"
"Mar 21, 2016","238.32","235.34","239.88","235.00","5.31M","2.40%"
"Mar 18, 2016","232.74","229.10","234.48","228.06","4.71M","2.81%"
"Mar 17, 2016","226.38","221.47","228.50","220.00","3.78M","2.01%"
"Mar 16, 2016","221.93","218.00","222.58","217.02","3.52M","1.64%"
"Mar 15, 2016","218.34","214.27","218.97","211.50","3.18M","1.48%"
"Mar 14, 2016","215.15","212.65","216.72","210.64","4.07M","3.69%"
"Mar 11, 2016","207.50","207.93","209.42","205.33","3.34M","1.13%"
"Mar 10, 2016","205.18","210.00","213.29","200.67","5.19M","-1.70%"
"Mar 09, 2016","208.72","204.52","209.37","202.79","3.21M","3.02%"
"Mar 08, 2016","202.60","203.50","207.50","202.20","4.18M","-1.31%"
"Mar 07, 2016","205.29","197.68","209.70","197.40","5.34M","2.11%"
"Mar 04, 2016","201.04","198.00","204.03","197.50","6.49M","2.71%"
"Mar 03, 2016","195.74","188.28","197.42","184.22","4.83M","3.93%"
"Mar 02, 2016","188.34","183.73","188.52","181.50","4.86M","1.07%"
"Mar 01, 2016","186.35","194.25","195.95","182.70","6.71M","-2.91%"
"Feb 29, 2016","191.93","192.40","196.35","189.22","4.50M","0.83%"
"Feb 27, 2016","190.35","190.35","190.35","190.35","5.80M","0.01%"
"Feb 26, 2016","190.34","188.70","192.00","185.00","6.07M","1.55%"
"Feb 25, 2016","187.43","178.65","188.52","175.20","5.75M","4.71%"
"Feb 24, 2016","179.00","172.75","179.50","167.84","5.40M","1.01%"
"Feb 23, 2016","177.21","176.16","181.73","173.68","5.98M","-0.30%"
"Feb 22, 2016","177.74","170.12","178.91","169.85","5.06M","6.70%"
"Feb 19, 2016","166.58","163.66","167.49","162.50","2.96M","-0.11%"
"Feb 18, 2016","166.77","172.42","172.95","164.77","3.89M","-1.13%"
"Feb 17, 2016","168.68","159.00","169.34","156.68","5.83M","8.71%"
"Feb 16, 2016","155.17","158.70","162.95","154.11","5.59M","2.73%"
"Feb 12, 2016","151.04","155.00","157.01","143.70","7.24M","0.38%"
"Feb 11, 2016","150.47","152.00","163.26","147.00","14.25M","4.73%"
"Feb 10, 2016","143.67","150.50","154.97","141.74","10.41M","-3.09%"
"Feb 09, 2016","148.25","142.32","159.79","141.05","8.65M","0.18%"
"Feb 08, 2016","147.99","157.10","157.15","146.00","9.31M","-8.99%"
"Feb 05, 2016","162.60","171.30","173.00","157.74","9.44M","-7.26%"
"Feb 04, 2016","175.33","170.70","175.98","166.99","4.39M","1.07%"
"Feb 03, 2016","173.48","183.59","183.94","170.18","7.93M","-5.09%"
"Feb 02, 2016","182.78","192.42","193.12","180.23","5.77M","-7.19%"
"Feb 01, 2016","196.94","188.76","199.52","182.75","5.30M","3.00%"
"Jan 29, 2016","191.20","189.95","193.74","188.08","2.85M","0.79%"
"Jan 28, 2016","189.70","190.79","191.28","182.41","4.59M","0.87%"
"Jan 27, 2016","188.07","192.38","193.26","185.77","3.62M","-2.84%"
"Jan 26, 2016","193.56","196.70","197.82","188.88","4.96M","-1.44%"
"Jan 25, 2016","196.38","200.06","203.57","195.88","2.70M","-3.05%"
"Jan 22, 2016","202.55","204.80","205.50","199.03","3.12M","1.29%"
"Jan 21, 2016","199.97","201.55","203.23","195.02","3.17M","0.64%"
"Jan 20, 2016","198.70","199.40","201.28","191.25","5.84M","-2.94%"
"Jan 19, 2016","204.72","208.71","210.47","200.78","4.04M","-0.13%"
"Jan 15, 2016","204.99","198.97","205.07","197.25","5.58M","-0.58%"
"Jan 14, 2016","206.18","202.21","210.00","193.38","6.49M","2.93%"
"Jan 13, 2016","200.31","212.01","212.65","200.00","4.13M","-4.60%"
"Jan 12, 2016","209.97","211.60","213.74","205.31","3.09M","1.02%"
"Jan 11, 2016","207.85","214.01","214.45","203.00","4.09M","-1.49%"
"Jan 08, 2016","211.00","217.86","220.44","210.77","3.63M","-2.16%"
"Jan 07, 2016","215.65","214.19","218.44","213.67","3.55M","-1.55%"
"Jan 06, 2016","219.04","220.00","220.05","215.98","3.78M","-1.96%"
"Jan 05, 2016","223.43","226.36","226.89","220.00","3.19M","0.01%"
"Jan 04, 2016","223.41","230.72","231.38","219.00","6.83M","-6.92%"
"Dec 31, 2015","240.01","238.51","243.45","238.37","2.72M","0.81%"
"Dec 30, 2015","238.09","236.60","243.63","235.67","3.70M","0.38%"
"Dec 29, 2015","237.19","230.06","237.72","229.55","2.41M","3.60%"
"Dec 28, 2015","228.95","231.49","231.98","225.54","1.90M","-0.70%"
"Dec 24, 2015","230.57","230.56","231.88","228.28","710.28K","0.38%"
"Dec 23, 2015","229.70","232.18","233.45","228.13","1.55M","-0.11%"
"Dec 22, 2015","229.95","234.99","236.55","229.63","1.96M","-1.12%"
"Dec 21, 2015","232.56","231.69","235.83","231.08","1.95M","0.91%"
"Dec 18, 2015","230.46","232.89","235.90","229.29","3.01M","-1.26%"
"Dec 17, 2015","233.39","233.94","237.76","229.81","3.30M","-0.48%"
"Dec 16, 2015","234.51","222.10","234.88","220.73","5.10M","6.07%"
"Dec 15, 2015","221.09","221.82","222.22","218.00","2.24M","1.15%"
"Dec 14, 2015","218.58","217.51","220.92","214.87","2.83M","0.72%"
"Dec 11, 2015","217.02","225.24","225.75","216.64","3.27M","-4.43%"
"Dec 10, 2015","227.07","224.71","228.49","223.64","2.07M","1.14%"
"Dec 09, 2015","224.52","226.70","227.50","220.72","3.06M","-0.97%"
"Dec 08, 2015","226.72","227.52","228.80","224.20","2.69M","-1.91%"
"Dec 07, 2015","231.13","227.70","235.63","226.15","3.14M","0.33%"
"Dec 04, 2015","230.38","232.46","233.27","227.66","2.57M","-1.00%"
"Dec 03, 2015","232.71","235.48","237.45","230.00","2.94M","0.31%"
"Dec 02, 2015","231.99","237.00","238.60","231.23","2.98M","-2.19%"
"Dec 01, 2015","237.19","231.06","238.00","231.05","3.73M","3.01%"
"Nov 30, 2015","230.26","231.79","234.28","229.08","2.66M","-0.58%"
"Nov 27, 2015","231.61","231.06","232.25","227.01","1.95M","0.86%"
"Nov 25, 2015","229.64","221.34","230.82","220.38","3.99M","5.22%"
"Nov 24, 2015","218.25","215.37","221.00","215.00","2.48M","0.23%"
"Nov 23, 2015","217.75","217.35","219.18","214.68","2.53M","-1.03%"
"Nov 20, 2015","220.01","223.49","225.00","213.58","4.40M","-0.81%"
"Nov 19, 2015","221.80","220.54","226.19","220.30","2.50M","0.33%"
"Nov 18, 2015","221.07","214.50","221.38","212.52","2.81M","3.30%"
"Nov 17, 2015","214.00","215.20","216.00","211.40","2.15M","-0.14%"
"Nov 16, 2015","214.31","206.09","214.98","205.80","2.93M","3.44%"
"Nov 13, 2015","207.19","212.95","212.99","206.52","3.43M","-2.70%"
"Nov 12, 2015","212.94","217.85","219.00","212.66","2.92M","-2.80%"
"Nov 11, 2015","219.08","217.77","219.48","213.63","3.35M","1.19%"
"Nov 10, 2015","216.50","223.48","223.70","216.08","4.62M","-3.92%"
"Nov 09, 2015","225.33","232.99","232.99","224.31","3.85M","-3.03%"
"Nov 06, 2015","232.36","230.70","233.36","229.50","2.45M","0.25%"
"Nov 05, 2015","231.77","230.58","234.58","229.19","4.50M","0.06%"
"Nov 04, 2015","231.63","227.00","232.74","225.20","12.73M","11.17%"
"Nov 03, 2015","208.35","213.85","214.44","207.75","8.33M","-2.54%"
"Nov 02, 2015","213.79","208.92","215.80","207.22","3.93M","3.32%"
"Oct 30, 2015","206.93","210.40","211.63","203.89","4.44M","-2.22%"
"Oct 29, 2015","211.63","211.75","213.75","210.64","1.81M","-0.62%"
"Oct 28, 2015","212.96","211.31","213.45","208.30","2.73M","1.24%"
"Oct 27, 2015","210.35","214.84","217.10","207.51","3.52M","-2.28%"
"Oct 26, 2015","215.26","211.38","215.88","210.00","3.39M","2.95%"
"Oct 23, 2015","209.09","215.00","215.35","207.69","4.24M","-1.24%"
"Oct 22, 2015","211.72","211.56","215.75","209.40","2.83M","0.78%"
"Oct 21, 2015","210.09","211.99","214.81","208.80","4.18M","-1.38%"
"Oct 20, 2015","213.03","227.72","228.60","202.00","14.90M","-6.61%"
"Oct 19, 2015","228.10","226.50","231.15","224.94","2.51M","0.48%"
"Oct 16, 2015","227.01","223.04","230.48","222.87","4.33M","2.58%"
"Oct 15, 2015","221.31","216.43","221.73","213.70","2.84M","2.04%"
"Oct 14, 2015","216.88","220.67","220.95","215.43","3.10M","-1.08%"
"Oct 13, 2015","219.25","213.28","222.52","211.13","5.17M","1.70%"
"Oct 12, 2015","215.58","222.99","223.00","215.27","3.84M","-2.32%"
"Oct 09, 2015","220.69","220.93","224.37","218.36","6.16M","-2.66%"
"Oct 08, 2015","226.72","230.08","230.72","221.31","6.13M","-2.26%"
"Oct 07, 2015","231.96","236.63","237.70","229.12","6.81M","-3.93%"
"Oct 06, 2015","241.46","240.00","243.03","235.58","5.24M","-1.91%"
"Oct 05, 2015","246.15","248.84","249.84","244.13","3.69M","-0.57%"
"Oct 02, 2015","247.57","235.60","247.70","234.93","4.42M","3.21%"
"Oct 01, 2015","239.88","247.51","248.50","237.13","4.57M","-3.43%"
"Sep 30, 2015","248.40","252.00","252.40","242.34","4.93M","0.71%"
"Sep 29, 2015","246.65","250.46","254.73","245.46","3.70M","-0.72%"
"Sep 28, 2015","248.43","257.35","259.79","246.61","4.90M","-3.30%"
"Sep 25, 2015","256.91","266.61","266.91","256.15","3.77M","-2.36%"
"Sep 24, 2015","263.12","259.53","263.45","256.21","3.45M","0.79%"
"Sep 23, 2015","261.06","261.95","262.08","257.58","2.60M","0.05%"
"Sep 22, 2015","260.94","259.03","262.65","255.87","3.66M","-1.23%"
"Sep 21, 2015","264.20","263.98","271.57","255.80","6.12M","1.37%"
"Sep 18, 2015","260.62","257.96","263.82","257.50","3.76M","-0.55%"
"Sep 17, 2015","262.07","263.96","265.50","260.69","3.59M","-0.07%"
"Sep 16, 2015","262.25","253.04","262.88","252.88","4.42M","3.42%"
"Sep 15, 2015","253.57","252.75","254.60","249.50","2.93M","0.15%"
"Sep 14, 2015","253.19","251.10","254.25","249.67","2.89M","1.18%"
"Sep 11, 2015","250.24","247.64","250.24","244.73","2.35M","0.71%"
"Sep 10, 2015","248.48","247.23","250.72","245.33","2.71M","-0.17%"
"Sep 09, 2015","248.91","252.05","254.25","248.30","3.39M","0.30%"
"Sep 08, 2015","248.17","245.05","249.16","244.05","3.14M","2.58%"
"Sep 04, 2015","241.93","240.89","244.09","238.20","3.69M","-1.48%"
"Sep 03, 2015","245.57","252.06","252.08","245.00","4.19M","-0.86%"
"Sep 02, 2015","247.69","245.30","247.88","239.78","4.63M","3.80%"
"Sep 01, 2015","238.63","240.34","246.00","236.97","5.45M","-4.19%"
"Aug 31, 2015","249.06","245.62","254.95","245.51","4.70M","0.23%"
"Aug 28, 2015","248.48","241.86","251.45","241.57","5.51M","2.26%"
"Aug 27, 2015","242.99","231.00","244.75","230.81","7.66M","8.07%"
"Aug 26, 2015","224.84","227.93","228.00","215.51","4.96M","2.19%"
"Aug 25, 2015","220.03","230.52","230.90","219.12","4.33M","0.53%"
"Aug 24, 2015","218.87","202.79","231.40","195.00","9.58M","-5.16%"
"Aug 21, 2015","230.77","236.00","243.80","230.51","6.59M","-4.71%"
"Aug 20, 2015","242.18","252.06","254.56","241.90","4.91M","-5.12%"
"Aug 19, 2015","255.25","260.33","260.65","255.02","3.60M","-2.10%"
"Aug 18, 2015","260.72","255.38","260.95","253.56","4.20M","2.25%"
"Aug 17, 2015","254.99","255.56","256.59","250.51","7.18M","4.87%"
"Aug 14, 2015","243.15","247.24","247.93","241.77","4.36M","0.26%"
"Aug 13, 2015","242.51","239.86","246.48","239.12","4.69M","1.82%"
"Aug 12, 2015","238.17","235.00","239.77","232.74","3.74M","0.34%"
"Aug 11, 2015","237.37","237.15","239.30","234.44","4.26M","-1.56%"
"Aug 10, 2015","241.14","238.15","242.97","236.05","4.19M","-0.56%"
"Aug 07, 2015","242.51","243.58","243.73","238.39","5.07M","-1.47%"
"Aug 06, 2015","246.13","249.54","255.00","236.12","14.62M","-8.88%"
"Aug 05, 2015","270.13","263.58","271.00","260.40","6.21M","1.45%"
"Aug 04, 2015","266.28","260.01","266.72","258.34","2.35M","2.42%"
"Aug 03, 2015","259.99","266.29","266.71","257.07","2.55M","-2.31%"
"Jul 31, 2015","266.15","267.60","269.36","265.12","2.22M","-0.24%"
"Jul 30, 2015","266.79","262.69","266.94","262.11","2.03M","1.13%"
"Jul 29, 2015","263.82","264.27","267.89","262.00","2.79M","-0.38%"
"Jul 28, 2015","264.82","255.75","265.40","251.84","3.90M","4.67%"
"Jul 27, 2015","253.01","262.43","264.43","250.79","4.69M","-4.67%"
"Jul 24, 2015","265.41","267.38","271.09","263.92","2.84M","-0.67%"
"Jul 23, 2015","267.20","269.65","269.90","265.27","2.23M","-0.25%"
"Jul 22, 2015","267.87","261.27","269.44","260.86","3.10M","0.41%"
"Jul 21, 2015","266.77","270.05","273.50","266.55","6.11M","-5.49%"
"Jul 20, 2015","282.26","275.00","286.65","272.54","4.98M","2.77%"
"Jul 17, 2015","274.66","272.50","275.54","268.25","5.00M","2.99%"
"Jul 16, 2015","266.68","264.22","267.20","263.16","1.62M","1.35%"
"Jul 15, 2015","263.14","266.74","267.49","262.08","2.02M","-0.94%"
"Jul 14, 2015","265.65","262.10","265.99","260.51","1.91M","1.33%"
"Jul 13, 2015","262.16","262.25","262.55","256.05","2.96M","1.16%"
"Jul 10, 2015","259.15","262.22","263.00","257.82","2.61M","0.48%"
"Jul 09, 2015","257.92","259.08","262.95","256.79","3.33M","1.16%"
"Jul 08, 2015","254.96","259.32","260.80","254.31","6.22M","-4.82%"
"Jul 07, 2015","267.88","275.00","275.20","260.77","6.11M","-4.23%"
"Jul 06, 2015","279.72","278.88","281.69","276.30","4.12M","-0.11%"
"Jul 02, 2015","280.02","280.19","282.45","273.31","7.16M","4.04%"
"Jul 01, 2015","269.15","271.11","272.62","267.85","2.10M","0.33%"
"Jun 30, 2015","268.26","264.80","270.92","264.00","3.09M","2.38%"
"Jun 29, 2015","262.02","261.95","265.95","260.70","3.48M","-1.90%"
"Jun 26, 2015","267.09","268.89","269.11","266.00","3.84M","-0.63%"
"Jun 25, 2015","268.79","266.45","271.41","265.25","2.85M","1.37%"
"Jun 24, 2015","265.17","266.98","267.35","263.72","2.41M","-0.93%"
"Jun 23, 2015","267.67","260.32","268.00","258.57","3.87M","3.03%"
"Jun 22, 2015","259.79","262.15","264.40","255.69","4.56M","-1.04%"
"Jun 19, 2015","262.51","262.40","263.80","260.10","2.46M","0.24%"
"Jun 18, 2015","261.89","262.00","263.46","260.02","2.78M","0.57%"
"Jun 17, 2015","260.41","252.17","264.36","252.02","5.51M","2.88%"
"Jun 16, 2015","253.12","250.13","253.44","249.09","1.98M","1.09%"
"Jun 15, 2015","250.38","249.70","251.28","246.01","2.19M","-0.12%"
"Jun 12, 2015","250.69","250.21","253.46","250.21","1.42M","-0.29%"
"Jun 11, 2015","251.41","253.26","254.37","250.43","2.04M","0.28%"
"Jun 10, 2015","250.70","251.90","254.00","248.50","3.45M","-2.07%"
"Jun 09, 2015","256.00","255.40","257.74","254.14","2.61M","-0.11%"
"Jun 08, 2015","256.29","250.85","258.75","250.31","5.02M","2.87%"
"Jun 05, 2015","249.14","246.00","249.70","245.68","3.02M","1.31%"
"Jun 04, 2015","245.92","247.50","249.30","245.71","2.45M","-1.23%"
"Jun 03, 2015","248.99","248.20","250.72","247.01","1.78M","0.26%"
"Jun 02, 2015","248.35","248.92","249.40","246.30","2.13M","-0.44%"
"Jun 01, 2015","249.45","251.41","251.60","247.47","2.51M","-0.54%"
"May 29, 2015","250.80","251.00","252.87","249.43","3.79M","-0.26%"
"May 28, 2015","251.45","247.03","251.80","245.05","3.65M","1.62%"
"May 27, 2015","247.43","248.51","249.50","245.55","3.41M","-0.01%"
"May 26, 2015","247.46","247.68","252.00","246.50","3.50M","-0.11%"
"May 22, 2015","247.73","245.38","248.60","245.01","2.22M","0.86%"
"May 21, 2015","245.62","243.03","246.62","242.36","1.97M","0.52%"
"May 20, 2015","244.35","247.13","247.74","241.37","3.76M","-1.13%"
"May 19, 2015","247.14","248.43","251.00","246.15","3.67M","-0.65%"
"May 18, 2015","248.75","247.00","249.90","246.00","3.35M","-0.04%"
"May 15, 2015","248.84","243.93","249.40","242.50","4.53M","1.94%"
"May 14, 2015","244.10","244.82","244.89","241.25","2.90M","0.38%"
"May 13, 2015","243.18","247.61","248.30","242.25","5.44M","-0.64%"
"May 12, 2015","244.74","240.11","246.35","238.19","6.36M","2.19%"
"May 11, 2015","239.49","236.29","242.88","235.31","5.67M","1.22%"
"May 08, 2015","236.61","235.99","238.41","233.70","4.67M","-0.08%"
"May 07, 2015","236.80","221.00","237.48","220.25","9.46M","2.76%"
"May 06, 2015","230.43","234.10","234.47","228.20","5.27M","-1.08%"
"May 05, 2015","232.95","237.76","239.50","229.13","5.80M","1.06%"
"May 04, 2015","230.51","228.18","234.73","227.11","4.43M","1.98%"
"May 01, 2015","226.03","229.94","231.77","220.41","5.28M","-0.01%"
"Apr 30, 2015","226.05","230.39","232.89","225.17","3.91M","-2.75%"
"Apr 29, 2015","232.45","230.05","234.97","227.63","3.94M","0.85%"
"Apr 28, 2015","230.48","234.75","235.50","228.03","6.09M","-0.46%"
"Apr 27, 2015","231.55","222.56","238.75","222.00","11.67M","6.01%"
"Apr 24, 2015","218.43","220.50","220.80","218.01","2.43M","-0.08%"
"Apr 23, 2015","218.60","218.27","221.48","217.15","4.41M","-0.38%"
"Apr 22, 2015","219.44","212.50","221.88","211.69","7.86M","4.79%"
"Apr 21, 2015","209.41","205.80","210.75","204.31","3.43M","2.02%"
"Apr 20, 2015","205.27","206.78","207.85","203.85","2.56M","-0.74%"
"Apr 17, 2015","206.79","204.99","206.88","203.50","2.47M","0.04%"
"Apr 16, 2015","206.70","207.70","209.17","206.29","1.66M","-0.54%"
"Apr 15, 2015","207.83","207.46","209.59","206.60","1.95M","0.18%"
"Apr 14, 2015","207.46","208.57","209.49","205.50","3.03M","-1.11%"
"Apr 13, 2015","209.78","210.44","213.00","209.05","3.76M","-0.53%"
"Apr 10, 2015","210.90","209.85","211.65","209.00","4.07M","0.39%"
"Apr 09, 2015","210.09","208.43","210.37","206.12","3.80M","1.17%"
"Apr 08, 2015","207.67","208.20","210.90","205.87","6.30M","2.17%"
"Apr 07, 2015","203.25","202.51","205.06","201.14","4.35M","0.07%"
"Apr 06, 2015","203.10","198.00","207.75","197.50","12.46M","6.34%"
"Apr 02, 2015","191.00","190.23","193.23","190.00","5.01M","1.82%"
"Apr 01, 2015","187.59","188.70","192.30","186.05","3.79M","-0.63%"
"Mar 31, 2015","188.77","193.53","193.76","188.41","5.03M","-0.94%"
"Mar 30, 2015","190.57","185.85","192.25","181.80","10.09M","3.01%"
"Mar 27, 2015","185.00","189.07","189.29","181.40","8.60M","-2.84%"
"Mar 26, 2015","190.41","193.92","194.79","189.70","4.13M","-2.00%"
"Mar 25, 2015","194.30","198.27","198.59","192.70","5.73M","-3.68%"
"Mar 24, 2015","201.72","201.58","203.79","199.75","3.65M","1.05%"
"Mar 23, 2015","199.63","198.50","200.50","197.47","2.63M","0.78%"
"Mar 20, 2015","198.08","197.45","198.99","195.62","4.27M","1.24%"
"Mar 19, 2015","195.65","202.00","204.59","194.53","8.48M","-2.52%"
"Mar 18, 2015","200.71","194.96","200.88","193.11","4.82M","3.07%"
"Mar 17, 2015","194.73","195.43","198.71","193.94","4.89M","-0.50%"
"Mar 16, 2015","195.70","192.00","195.91","189.80","5.63M","3.72%"
"Mar 13, 2015","188.68","188.95","191.75","187.32","5.43M","-1.25%"
"Mar 12, 2015","191.07","193.75","194.45","189.75","4.15M","-1.38%"
"Mar 11, 2015","193.74","191.15","196.18","191.01","4.97M","1.80%"
"Mar 10, 2015","190.32","188.46","193.50","187.60","5.58M","-0.29%"
"Mar 09, 2015","190.88","194.39","194.49","188.25","6.74M","-1.55%"
"Mar 06, 2015","193.88","199.21","200.75","192.15","6.71M","-3.36%"
"Mar 05, 2015","200.63","202.85","206.19","200.15","4.88M","-0.89%"
"Mar 04, 2015","202.44","199.25","202.52","197.21","4.22M","1.44%"
"Mar 03, 2015","199.56","196.81","200.24","195.32","4.43M","1.14%"
"Mar 02, 2015","197.32","202.70","203.34","195.82","7.92M","-2.96%"
"Feb 27, 2015","203.34","206.90","208.55","202.80","3.88M","-1.86%"
"Feb 26, 2015","207.19","204.00","211.09","202.22","6.47M","1.68%"
"Feb 25, 2015","203.76","204.94","207.14","202.58","3.91M","-0.17%"
"Feb 24, 2015","204.11","207.29","207.29","201.70","6.60M","-1.56%"
"Feb 23, 2015","207.34","215.66","218.20","206.33","8.50M","-4.50%"
"Feb 20, 2015","217.11","210.78","217.60","209.81","5.98M","2.55%"
"Feb 19, 2015","211.71","205.00","212.44","203.75","5.15M","3.55%"
"Feb 18, 2015","204.46","204.17","206.17","202.60","2.71M","0.05%"
"Feb 17, 2015","204.35","205.70","205.70","201.50","3.98M","0.28%"
"Feb 13, 2015","203.77","202.90","205.99","200.91","6.19M","0.44%"
"Feb 12, 2015","202.88","193.57","203.09","193.28","15.65M","-4.66%"
"Feb 11, 2015","212.80","212.21","214.74","207.28","9.77M","-1.61%"
"Feb 10, 2015","216.29","217.55","220.50","215.00","5.39M","-0.55%"
"Feb 09, 2015","217.48","215.38","217.93","211.99","3.47M","0.06%"
"Feb 06, 2015","217.36","222.00","223.40","216.50","3.24M","-1.64%"
"Feb 05, 2015","220.99","219.88","225.48","219.64","3.52M","1.12%"
"Feb 04, 2015","218.55","218.29","221.48","216.80","3.31M","0.09%"
"Feb 03, 2015","218.36","213.22","220.37","211.27","4.83M","3.52%"
"Feb 02, 2015","210.94","203.97","211.95","203.30","4.15M","3.61%"
"Jan 30, 2015","203.60","203.96","207.47","203.00","3.01M","-0.78%"
"Jan 29, 2015","205.20","201.07","205.98","196.50","3.55M","2.92%"
"Jan 28, 2015","199.37","206.11","206.37","198.42","3.15M","-3.21%"
"Jan 27, 2015","205.98","204.42","208.03","203.30","2.78M","-0.28%"
"Jan 26, 2015","206.55","201.83","208.62","201.05","3.23M","2.61%"
"Jan 23, 2015","201.29","200.29","203.50","198.33","3.44M","-0.16%"
"Jan 22, 2015","201.62","197.00","203.24","195.20","4.12M","2.57%"
"Jan 21, 2015","196.57","189.55","198.68","189.51","4.15M","2.42%"
"Jan 20, 2015","191.93","193.87","194.12","187.04","4.50M","-0.59%"
"Jan 16, 2015","193.07","190.70","194.49","189.65","3.60M","0.63%"
"Jan 15, 2015","191.87","194.49","195.75","190.00","5.22M","-0.43%"
"Jan 14, 2015","192.69","185.83","195.20","185.00","11.55M","-5.66%"
"Jan 13, 2015","204.25","203.32","207.61","200.91","4.48M","1.01%"
"Jan 12, 2015","202.21","203.05","204.47","199.25","5.95M","-2.15%"
"Jan 09, 2015","206.66","208.92","209.98","204.96","4.67M","-1.88%"
"Jan 08, 2015","210.62","212.81","213.80","210.01","3.44M","-0.16%"
"Jan 07, 2015","210.95","213.35","214.78","209.78","2.97M","-0.16%"
"Jan 06, 2015","211.28","210.06","214.20","204.21","6.26M","0.57%"
"Jan 05, 2015","210.09","214.55","216.50","207.16","5.37M","-4.20%"
"Jan 02, 2015","219.31","222.87","223.25","213.26","4.76M","-1.39%"
"Dec 31, 2014","222.41","223.09","225.68","222.25","2.40M","0.08%"
"Dec 30, 2014","222.23","223.99","225.65","221.40","2.90M","-1.54%"
"Dec 29, 2014","225.71","226.90","227.91","224.02","2.81M","-0.93%"
"Dec 26, 2014","227.82","221.51","228.50","221.50","3.33M","2.50%"
"Dec 24, 2014","222.26","219.77","222.50","219.25","1.33M","0.58%"
"Dec 23, 2014","220.97","223.81","224.31","219.52","4.51M","-0.73%"
"Dec 22, 2014","222.60","220.00","224.06","218.26","4.81M","1.51%"
"Dec 19, 2014","219.29","220.19","220.40","214.50","6.91M","0.47%"
"Dec 18, 2014","218.26","212.38","218.44","211.80","7.48M","6.04%"
"Dec 17, 2014","205.82","193.06","206.65","192.65","7.37M","4.05%"
"Dec 16, 2014","197.81","200.89","203.68","195.37","8.43M","-3.05%"
"Dec 15, 2014","204.04","209.29","209.80","202.67","5.22M","-1.43%"
"Dec 12, 2014","207.00","204.82","211.68","204.50","7.17M","-0.90%"
"Dec 11, 2014","208.88","210.53","215.43","208.23","6.69M","-0.46%"
"Dec 10, 2014","209.84","214.13","216.77","207.70","7.31M","-3.25%"
"Dec 09, 2014","216.89","209.34","217.73","204.27","9.43M","1.18%"
"Dec 08, 2014","214.36","221.54","224.86","212.34","9.23M","-4.18%"
"Dec 05, 2014","223.71","228.67","229.39","222.26","6.06M","-2.00%"
"Dec 04, 2014","228.28","228.60","230.90","227.81","3.88M","-0.44%"
"Dec 03, 2014","229.30","226.25","229.72","225.50","5.31M","-0.92%"
"Dec 02, 2014","231.43","234.57","237.50","228.00","5.89M","-0.09%"
"Dec 01, 2014","231.64","241.16","242.47","229.01","8.62M","-5.27%"
"Nov 28, 2014","244.52","245.35","246.69","242.52","2.12M","-1.58%"
"Nov 26, 2014","248.44","248.34","249.00","246.60","1.98M","0.14%"
"Nov 25, 2014","248.09","247.35","249.72","246.09","3.16M","0.56%"
"Nov 24, 2014","246.72","245.20","247.60","240.64","4.79M","1.62%"
"Nov 21, 2014","242.78","252.21","252.78","242.17","7.49M","-2.38%"
"Nov 20, 2014","248.71","247.95","250.93","246.00","3.59M","0.39%"
"Nov 19, 2014","247.74","250.61","251.88","245.60","7.92M","-3.86%"
"Nov 18, 2014","257.70","255.86","259.99","255.51","4.47M","1.46%"
"Nov 17, 2014","253.98","257.49","259.00","252.02","4.03M","-1.82%"
"Nov 14, 2014","258.68","250.00","258.85","248.50","6.10M","2.77%"
"Nov 13, 2014","251.70","250.62","255.75","250.25","6.24M","1.04%"
"Nov 12, 2014","249.10","249.72","252.34","245.58","5.87M","-0.79%"
"Nov 11, 2014","251.08","242.55","251.82","242.00","7.95M","3.78%"
"Nov 10, 2014","241.93","239.11","242.88","236.80","4.58M","0.72%"
"Nov 07, 2014","240.20","242.19","242.84","237.20","5.16M","-0.42%"
"Nov 06, 2014","241.22","234.49","246.69","228.50","15.35M","4.44%"
"Nov 05, 2014","230.97","241.00","241.36","230.53","9.05M","-3.33%"
"Nov 04, 2014","238.93","240.49","242.35","236.53","3.68M","-1.51%"
"Nov 03, 2014","242.59","243.00","247.56","241.32","4.21M","0.37%"
"Oct 31, 2014","241.70","242.51","243.12","238.75","3.78M","1.27%"
"Oct 30, 2014","238.66","238.14","240.50","235.06","3.23M","0.24%"
"Oct 29, 2014","238.10","241.13","241.50","235.64","4.97M","-1.92%"
"Oct 28, 2014","242.77","229.60","244.60","228.25","10.52M","9.52%"
"Oct 27, 2014","221.67","234.25","234.61","220.31","9.55M","-5.77%"
"Oct 24, 2014","235.24","236.27","237.80","231.20","3.47M","-0.02%"
"Oct 23, 2014","235.29","234.66","236.28","232.00","3.50M","1.81%"
"Oct 22, 2014","231.10","233.19","237.39","230.56","4.12M","-1.80%"
"Oct 21, 2014","235.34","234.27","235.39","230.80","4.13M","2.11%"
"Oct 20, 2014","230.47","226.72","232.40","225.51","3.50M","1.31%"
"Oct 17, 2014","227.48","233.38","234.77","226.55","10.55M","0.50%"
"Oct 16, 2014","226.35","219.72","229.92","219.10","5.40M","-1.46%"
"Oct 15, 2014","229.70","220.00","230.99","217.32","9.15M","1.16%"
"Oct 14, 2014","227.06","228.25","232.47","223.00","7.11M","1.10%"
"Oct 13, 2014","224.59","238.57","238.96","221.00","11.28M","-5.20%"
"Oct 10, 2014","236.91","244.64","245.89","235.20","12.90M","-7.82%"
"Oct 09, 2014","257.01","262.25","265.54","254.40","7.36M","-0.88%"
"Oct 08, 2014","259.28","260.10","262.88","252.64","5.06M","-0.11%"
"Oct 07, 2014","259.57","258.53","261.46","255.73","4.49M","-0.40%"
"Oct 06, 2014","260.62","259.13","262.49","257.80","7.72M","2.12%"
"Oct 03, 2014","255.21","253.06","256.50","251.03","5.41M","1.51%"
"Oct 02, 2014","251.42","250.20","252.79","245.36","9.00M","4.65%"
"Oct 01, 2014","240.24","242.20","242.66","235.65","5.95M","-1.01%"
"Sep 30, 2014","242.68","246.92","247.65","240.12","4.25M","-1.05%"
"Sep 29, 2014","245.26","244.00","248.64","241.38","4.85M","-0.54%"
"Sep 26, 2014","246.60","248.25","249.73","246.07","3.80M","-0.14%"
"Sep 25, 2014","246.95","252.52","254.96","246.10","4.84M","-2.06%"
"Sep 24, 2014","252.14","251.12","252.84","247.04","3.75M","0.69%"
"Sep 23, 2014","250.41","245.22","253.80","245.00","5.66M","0.15%"
"Sep 22, 2014","250.03","255.00","256.02","244.71","8.22M","-3.58%"
"Sep 19, 2014","259.32","257.99","261.43","255.27","6.81M","-1.71%"
"Sep 18, 2014","263.82","263.36","265.60","262.32","3.70M","0.93%"
"Sep 17, 2014","261.38","262.41","264.70","259.50","5.18M","0.25%"
"Sep 16, 2014","260.74","255.15","262.46","252.42","8.30M","2.71%"
"Sep 15, 2014","253.86","274.37","274.40","249.13","16.46M","-9.08%"
"Sep 12, 2014","279.20","280.50","282.39","277.00","3.33M","-0.40%"
"Sep 11, 2014","280.31","280.46","284.79","278.63","3.77M","-0.28%"
"Sep 10, 2014","281.10","279.50","281.41","273.66","3.79M","0.94%"
"Sep 09, 2014","278.48","282.99","285.49","277.00","4.57M","-1.29%"
"Sep 08, 2014","282.11","277.62","284.88","277.52","5.51M","1.70%"
"Sep 05, 2014","277.39","282.55","282.90","272.51","11.18M","-3.02%"
"Sep 04, 2014","286.04","284.01","291.42","280.40","8.34M","1.72%"
"Sep 03, 2014","281.19","287.67","288.00","280.10","6.78M","-1.03%"
"Sep 02, 2014","284.12","275.50","284.89","274.30","9.85M","5.35%"
"Aug 29, 2014","269.70","268.70","272.00","267.51","6.45M","2.21%"
"Aug 28, 2014","263.86","261.89","264.48","261.64","2.85M","0.23%"
"Aug 27, 2014","263.25","263.50","264.24","260.29","2.99M","0.58%"
"Aug 26, 2014","261.74","264.98","265.50","261.66","3.82M","-0.31%"
"Aug 25, 2014","262.55","258.19","263.68","258.19","4.32M","2.25%"
"Aug 22, 2014","256.78","254.54","256.95","252.61","2.84M","0.96%"
"Aug 21, 2014","254.34","256.52","258.80","253.26","2.92M","-0.54%"
"Aug 20, 2014","255.71","254.67","258.74","253.00","3.03M","-0.41%"
"Aug 19, 2014","256.76","258.87","259.33","251.62","5.34M","-1.22%"
"Aug 18, 2014","259.94","263.25","267.26","259.75","5.85M","-0.79%"
"Aug 15, 2014","262.01","261.48","262.09","258.50","3.87M","0.24%"
"Aug 14, 2014","261.38","262.49","263.00","256.50","4.13M","0.41%"
"Aug 13, 2014","260.31","262.01","265.64","259.61","6.93M","0.13%"
"Aug 12, 2014","259.96","258.08","260.30","254.58","6.39M","0.25%"
"Aug 11, 2014","259.32","255.48","263.74","255.00","8.10M","4.51%"
"Aug 08, 2014","248.13","251.16","251.76","246.50","5.10M","-1.69%"
"Aug 07, 2014","252.39","250.12","256.69","249.12","7.48M","1.39%"
"Aug 06, 2014","248.93","238.90","251.42","238.58","9.25M","4.38%"
"Aug 05, 2014","238.49","237.47","242.99","235.69","5.39M","-0.01%"
"Aug 04, 2014","238.52","234.38","240.50","233.27","5.97M","2.25%"
"Aug 01, 2014","233.27","226.09","237.50","226.00","11.90M","4.46%"
"Jul 31, 2014","223.30","229.26","231.40","221.50","7.75M","-2.46%"
"Jul 30, 2014","228.92","221.92","229.60","221.04","4.93M","1.74%"
"Jul 29, 2014","225.01","226.61","228.30","224.86","3.39M","0.08%"
"Jul 28, 2014","224.82","224.25","232.00","221.40","6.52M","0.56%"
"Jul 25, 2014","223.57","222.72","226.97","221.75","3.09M","0.01%"
"Jul 24, 2014","223.54","223.25","225.10","220.80","3.25M","0.47%"
"Jul 23, 2014","222.49","220.01","224.75","219.43","3.09M","1.33%"
"Jul 22, 2014","219.58","222.19","223.30","219.11","2.73M","-0.44%"
"Jul 21, 2014","220.54","217.25","223.21","216.72","3.83M","0.24%"
"Jul 18, 2014","220.02","215.95","221.21","215.93","4.26M","2.14%"
"Jul 17, 2014","215.40","216.16","220.55","213.60","4.65M","-0.81%"
"Jul 16, 2014","217.16","221.82","224.80","216.82","4.05M","-1.10%"
"Jul 15, 2014","219.58","226.73","227.65","218.10","5.73M","-3.14%"
"Jul 14, 2014","226.70","219.99","228.79","215.45","7.21M","3.93%"
"Jul 11, 2014","218.13","220.61","221.60","217.60","3.31M","-0.61%"
"Jul 10, 2014","219.46","217.18","222.22","216.04","4.87M","-1.61%"
"Jul 09, 2014","223.06","221.27","224.22","219.21","4.12M","1.82%"
"Jul 08, 2014","219.07","218.65","220.96","214.27","7.85M","-1.61%"
"Jul 07, 2014","222.66","227.50","229.78","220.40","5.90M","-2.87%"
"Jul 03, 2014","229.25","231.29","231.90","224.00","5.17M","-0.08%"
"Jul 02, 2014","229.43","240.66","242.33","227.07","8.04M","-4.29%"
"Jul 01, 2014","239.72","242.46","243.44","238.70","4.34M","-0.14%"
"Jun 30, 2014","240.06","239.55","244.49","239.00","4.83M","0.42%"
"Jun 27, 2014","239.06","234.69","240.00","234.50","5.64M","1.47%"
"Jun 26, 2014","235.60","237.17","240.40","234.21","5.12M","-0.54%"
"Jun 25, 2014","236.89","233.05","237.55","230.24","5.80M","1.89%"
"Jun 24, 2014","232.50","238.97","241.88","231.63","8.08M","-1.99%"
"Jun 23, 2014","237.22","229.51","238.99","228.22","7.80M","3.32%"
"Jun 20, 2014","229.59","228.52","231.29","226.20","4.91M","0.79%"
"Jun 19, 2014","227.79","228.88","235.31","227.00","8.80M","0.29%"
"Jun 18, 2014","227.12","231.50","231.71","226.12","6.95M","-1.96%"
"Jun 17, 2014","231.67","224.11","235.54","222.85","13.30M","3.14%"
"Jun 16, 2014","224.61","206.76","225.49","206.26","13.25M","8.81%"
"Jun 13, 2014","206.42","204.78","206.79","201.58","3.55M","1.42%"
"Jun 12, 2014","203.52","205.10","209.88","202.71","6.00M","-0.46%"
"Jun 11, 2014","204.47","201.50","205.00","199.25","3.98M","1.07%"
"Jun 10, 2014","202.30","204.43","206.97","201.55","3.52M","-1.47%"
"Jun 09, 2014","205.31","207.95","209.99","204.20","2.81M","-1.37%"
"Jun 06, 2014","208.17","209.75","210.81","207.18","3.07M","0.61%"
"Jun 05, 2014","206.90","204.47","209.20","204.05","4.06M","1.43%"
"Jun 04, 2014","203.99","204.35","206.26","200.40","3.43M","-0.46%"
"Jun 03, 2014","204.94","203.49","208.00","202.59","3.87M","0.12%"
"Jun 02, 2014","204.70","207.33","209.35","201.67","4.67M","-1.48%"
"May 30, 2014","207.77","210.30","214.80","207.02","5.59M","-1.17%"
"May 29, 2014","210.24","210.57","212.49","207.72","3.69M","0.00%"
"May 28, 2014","210.24","210.02","212.77","205.26","5.50M","-0.62%"
"May 27, 2014","211.56","208.52","213.87","207.70","5.35M","2.05%"
"May 23, 2014","207.30","204.53","207.76","202.50","4.01M","1.18%"
"May 22, 2014","204.88","200.35","206.88","199.56","6.22M","2.72%"
"May 21, 2014","199.45","196.18","199.87","194.79","5.29M","2.12%"
"May 20, 2014","195.30","196.94","199.33","193.07","5.55M","-0.40%"
"May 19, 2014","196.09","190.72","196.89","190.00","4.57M","2.36%"
"May 16, 2014","191.56","188.95","192.04","187.72","4.49M","1.57%"
"May 15, 2014","188.59","189.98","192.66","185.30","6.05M","-1.06%"
"May 14, 2014","190.62","188.95","193.48","187.10","5.41M","0.24%"
"May 13, 2014","190.16","183.76","191.34","183.00","7.10M","2.97%"
"May 12, 2014","184.67","183.87","187.19","179.88","7.00M","1.32%"
"May 09, 2014","182.26","179.86","183.40","177.22","8.50M","2.05%"
"May 08, 2014","178.59","182.00","194.40","178.00","20.06M","-11.30%"
"May 07, 2014","201.35","209.64","210.20","197.25","10.18M","-2.86%"
"May 06, 2014","207.28","216.60","218.66","206.85","5.64M","-4.31%"
"May 05, 2014","216.61","209.48","217.69","208.52","5.15M","2.70%"
"May 02, 2014","210.91","208.60","211.36","206.52","4.09M","1.53%"
"May 01, 2014","207.73","207.08","214.02","205.69","5.44M","-0.08%"
"Apr 30, 2014","207.89","203.60","208.16","201.28","4.44M","0.47%"
"Apr 29, 2014","206.92","198.21","207.15","195.53","5.79M","4.24%"
"Apr 28, 2014","198.51","200.00","203.79","190.50","7.04M","-0.67%"
"Apr 25, 2014","199.85","202.00","206.70","197.65","7.00M","-3.85%"
"Apr 24, 2014","207.86","210.81","212.80","203.20","5.50M","-0.06%"
"Apr 23, 2014","207.99","216.33","216.74","207.00","7.30M","-4.87%"
"Apr 22, 2014","218.64","206.36","219.33","205.01","9.81M","6.98%"
"Apr 21, 2014","204.38","197.08","206.20","194.00","5.27M","3.16%"
"Apr 17, 2014","198.12","199.61","202.29","194.08","5.93M","-0.50%"
"Apr 16, 2014","199.11","197.00","199.99","190.82","7.21M","2.68%"
"Apr 15, 2014","193.91","199.09","199.29","184.32","13.67M","-2.11%"
"Apr 14, 2014","198.09","207.60","208.44","194.41","7.70M","-2.79%"
"Apr 11, 2014","203.78","200.61","207.00","198.60","9.07M","-0.20%"
"Apr 10, 2014","204.19","216.82","217.50","203.79","7.21M","-5.87%"
"Apr 09, 2014","216.93","216.76","218.45","210.89","5.16M","0.68%"
"Apr 08, 2014","215.46","210.05","216.49","206.42","6.89M","3.83%"
"Apr 07, 2014","207.52","205.81","216.20","203.51","9.86M","-2.21%"
"Apr 04, 2014","212.22","226.01","228.27","211.25","11.35M","-5.85%"
"Apr 03, 2014","225.40","230.30","235.73","222.00","10.92M","-2.12%"
"Apr 02, 2014","230.29","220.00","230.89","218.05","10.78M","6.14%"
"Apr 01, 2014","216.97","209.02","218.16","208.58","7.37M","4.09%"
"Mar 31, 2014","208.45","216.50","216.75","206.39","8.38M","-1.85%"
"Mar 28, 2014","212.37","212.80","216.72","210.27","9.68M","2.44%"
"Mar 27, 2014","207.32","212.37","213.60","203.00","9.51M","-2.65%"
"Mar 26, 2014","212.96","221.95","222.60","211.35","6.91M","-3.39%"
"Mar 25, 2014","220.44","224.14","227.05","217.90","7.87M","0.12%"
"Mar 24, 2014","220.17","229.75","229.90","210.27","11.33M","-3.81%"
"Mar 21, 2014","228.89","236.02","236.20","227.50","8.23M","-2.56%"
"Mar 20, 2014","234.91","236.16","239.25","233.36","3.82M","-0.39%"
"Mar 19, 2014","235.84","241.39","241.55","233.51","5.07M","-1.75%"
"Mar 18, 2014","240.04","236.95","241.50","235.02","6.24M","2.59%"
"Mar 17, 2014","233.98","234.95","237.93","230.50","5.91M","1.30%"
"Mar 14, 2014","230.97","235.29","236.94","228.32","8.29M","-2.87%"
"Mar 13, 2014","237.79","243.79","244.19","234.00","6.24M","-1.53%"
"Mar 12, 2014","241.49","231.50","247.50","231.11","9.76M","3.02%"
"Mar 11, 2014","234.41","236.50","244.60","232.43","8.84M","-1.85%"
"Mar 10, 2014","238.84","242.70","243.00","236.06","7.75M","-2.99%"
"Mar 07, 2014","246.21","252.94","254.85","244.41","7.82M","-2.66%"
"Mar 06, 2014","252.94","254.14","257.50","249.45","7.37M","0.11%"
"Mar 05, 2014","252.66","256.72","256.99","251.80","5.95M","-0.86%"
"Mar 04, 2014","254.84","258.48","260.00","252.83","8.77M","1.71%"
"Mar 03, 2014","250.56","237.26","251.65","234.99","13.11M","2.35%"
"Feb 28, 2014","244.81","249.65","252.68","242.55","14.61M","-3.06%"
"Feb 27, 2014","252.54","261.25","261.90","248.33","17.97M","-0.18%"
"Feb 26, 2014","253.00","258.58","265.00","247.50","24.77M","2.02%"
"Feb 25, 2014","248.00","230.00","259.20","228.45","32.80M","13.94%"
"Feb 24, 2014","217.65","208.76","218.36","208.32","8.30M","3.84%"
"Feb 21, 2014","209.60","211.64","213.98","209.19","7.83M","-0.18%"
"Feb 20, 2014","209.97","215.01","215.21","206.27","18.02M","8.43%"
"Feb 19, 2014","193.64","203.70","203.70","193.41","16.42M","-4.94%"
"Feb 18, 2014","203.70","205.24","206.00","201.36","9.36M","2.76%"
"Feb 14, 2014","198.23","198.10","201.88","197.00","6.17M","-0.70%"
"Feb 13, 2014","199.63","193.34","202.72","193.25","8.17M","2.21%"
"Feb 12, 2014","195.32","195.78","198.27","194.32","5.18M","-0.66%"
"Feb 11, 2014","196.62","198.97","202.20","192.70","10.73M","0.03%"
"Feb 10, 2014","196.56","189.34","199.30","189.32","12.99M","5.38%"
"Feb 07, 2014","186.53","181.01","186.63","179.60","8.96M","4.57%"
"Feb 06, 2014","178.38","176.30","180.11","176.00","5.85M","2.27%"
"Feb 05, 2014","174.42","178.30","180.59","169.36","7.28M","-2.41%"
"Feb 04, 2014","178.73","180.70","181.60","176.20","4.69M","0.91%"
"Feb 03, 2014","177.11","182.89","184.88","175.16","6.78M","-2.37%"
"Jan 31, 2014","181.41","178.85","186.00","178.51","6.51M","-0.78%"
"Jan 30, 2014","182.84","178.00","184.78","177.01","8.58M","4.34%"
"Jan 29, 2014","175.23","175.30","179.09","173.13","5.96M","-1.77%"
"Jan 28, 2014","178.38","171.50","178.98","171.00","6.13M","5.16%"
"Jan 27, 2014","169.62","175.16","177.92","164.71","8.74M","-2.85%"
"Jan 24, 2014","174.60","177.85","180.48","173.53","7.71M","-3.80%"
"Jan 23, 2014","181.50","177.23","182.38","173.42","7.90M","1.65%"
"Jan 22, 2014","178.56","177.81","180.32","174.76","7.04M","1.06%"
"Jan 21, 2014","176.68","171.24","177.29","170.81","9.75M","3.92%"
"Jan 17, 2014","170.01","170.19","173.20","167.95","9.22M","-0.56%"
"Jan 16, 2014","170.97","162.50","172.70","162.40","11.98M","4.17%"
"Jan 15, 2014","164.13","168.45","172.23","162.10","20.49M","1.77%"
"Jan 14, 2014","161.27","140.50","162.00","136.67","27.94M","15.74%"
"Jan 13, 2014","139.34","145.78","147.00","137.82","6.32M","-4.38%"
"Jan 10, 2014","145.72","148.46","148.90","142.25","7.45M","-1.23%"
"Jan 09, 2014","147.53","152.50","153.43","146.85","5.39M","-2.48%"
"Jan 08, 2014","151.28","148.85","153.70","148.76","6.17M","1.29%"
"Jan 07, 2014","149.36","147.62","150.40","145.25","5.04M","1.61%"
"Jan 06, 2014","147.00","150.00","150.40","145.24","5.37M","-1.71%"
"Jan 03, 2014","149.56","150.00","152.19","148.60","4.70M","-0.36%"
"Jan 02, 2014","150.10","149.80","152.48","146.55","6.20M","-0.22%"
"Dec 31, 2013","150.43","152.32","153.20","148.66","4.27M","-1.32%"
"Dec 30, 2013","152.44","151.12","154.81","150.75","4.47M","0.87%"
"Dec 27, 2013","151.12","155.30","155.50","150.80","5.47M","-2.82%"
"Dec 26, 2013","155.50","155.04","158.00","154.29","7.13M","2.70%"
"Dec 24, 2013","151.41","150.00","154.97","149.82","9.94M","5.48%"
"Dec 23, 2013","143.55","144.85","146.24","142.60","5.39M","0.22%"
"Dec 20, 2013","143.24","141.58","144.35","141.58","7.42M","1.79%"
"Dec 19, 2013","140.72","146.90","147.00","139.10","12.76M","-4.91%"
"Dec 18, 2013","147.98","152.24","154.90","145.95","11.58M","-2.94%"
"Dec 17, 2013","152.46","147.58","154.63","146.32","10.49M","3.06%"
"Dec 16, 2013","147.94","148.48","150.43","146.10","6.68M","0.20%"
"Dec 13, 2013","147.65","148.05","151.80","147.32","10.60M","0.12%"
"Dec 12, 2013","147.47","139.70","148.24","138.53","10.77M","5.60%"
"Dec 11, 2013","139.65","141.88","143.05","139.49","7.14M","-1.79%"
"Dec 10, 2013","142.19","140.05","145.87","139.86","10.75M","0.42%"
"Dec 09, 2013","141.60","137.00","141.70","134.21","9.06M","3.09%"
"Dec 06, 2013","137.36","141.51","142.49","136.30","7.91M","-2.22%"
"Dec 05, 2013","140.48","140.15","143.35","139.50","9.29M","1.10%"
"Dec 04, 2013","138.95","144.32","144.43","137.13","13.15M","-3.97%"
"Dec 03, 2013","144.70","132.68","144.94","131.59","25.68M","16.53%"
"Dec 02, 2013","124.17","126.35","128.55","123.93","7.75M","-2.44%"
"Nov 29, 2013","127.28","129.77","130.59","126.98","9.72M","0.27%"
"Nov 27, 2013","126.94","121.31","126.95","119.52","12.37M","5.34%"
"Nov 26, 2013","120.50","119.38","122.72","116.10","13.89M","-0.28%"
"Nov 25, 2013","120.84","124.50","125.84","120.30","10.28M","-0.44%"
"Nov 22, 2013","121.38","121.58","122.75","117.93","11.10M","-0.59%"
"Nov 21, 2013","122.10","122.89","124.79","120.25","11.90M","0.82%"
"Nov 20, 2013","121.11","126.08","127.45","119.06","13.85M","-3.95%"
"Nov 19, 2013","126.09","119.43","129.00","119.22","19.82M","3.71%"
"Nov 18, 2013","121.58","135.27","135.45","119.61","23.14M","-10.24%"
"Nov 15, 2013","135.45","136.85","137.95","134.35","9.90M","-1.56%"
"Nov 14, 2013","137.60","138.92","140.40","134.11","12.20M","-0.79%"
"Nov 13, 2013","138.70","140.84","142.37","136.34","12.66M","0.65%"
"Nov 12, 2013","137.80","144.69","144.70","136.18","14.99M","-4.77%"
"Nov 11, 2013","144.70","141.00","145.42","137.10","14.00M","4.89%"
"Nov 08, 2013","137.95","136.48","140.60","132.32","22.48M","-1.30%"
"Nov 07, 2013","139.77","144.19","145.65","137.62","22.28M","-7.54%"
"Nov 06, 2013","151.16","154.81","160.73","146.35","31.07M","-14.51%"
"Nov 05, 2013","176.81","180.00","181.43","171.36","22.47M","0.92%"
"Nov 04, 2013","175.20","165.00","175.39","164.22","13.12M","8.03%"
"Nov 01, 2013","162.17","163.00","165.90","160.41","7.18M","1.39%"
"Oct 31, 2013","159.94","155.67","162.44","153.30","9.34M","0.45%"
"Oct 30, 2013","159.22","164.63","167.68","158.17","8.40M","-3.19%"
"Oct 29, 2013","164.47","162.76","165.45","153.00","14.11M","0.99%"
"Oct 28, 2013","162.86","170.18","170.50","162.20","7.84M","-4.01%"
"Oct 25, 2013","169.66","174.21","174.50","166.80","7.60M","-2.02%"
"Oct 24, 2013","173.15","165.00","174.50","162.83","10.83M","5.26%"
"Oct 23, 2013","164.50","168.91","171.81","160.15","13.33M","-4.10%"
"Oct 22, 2013","171.54","170.50","177.78","166.11","11.39M","-0.61%"
"Oct 21, 2013","172.60","183.28","183.39","171.00","11.53M","-5.89%"
"Oct 18, 2013","183.40","184.15","185.96","182.52","5.93M","0.33%"
"Oct 17, 2013","182.80","183.54","184.80","180.99","6.70M","-0.41%"
"Oct 16, 2013","183.56","184.90","187.30","182.09","8.21M","-0.21%"
"Oct 15, 2013","183.94","185.28","188.79","183.18","10.98M","2.35%"
"Oct 14, 2013","179.72","175.00","182.50","174.15","7.77M","0.57%"
"Oct 11, 2013","178.70","172.75","179.29","171.20","8.31M","3.34%"
"Oct 10, 2013","172.93","173.09","175.75","169.69","8.88M","2.46%"
"Oct 09, 2013","168.78","174.73","174.99","161.50","15.32M","-3.41%"
"Oct 08, 2013","174.73","184.40","185.93","173.21","13.76M","-4.56%"
"Oct 07, 2013","183.07","182.46","186.73","180.26","11.49M","1.15%"
"Oct 04, 2013","180.98","176.40","181.18","172.65","14.41M","4.43%"
"Oct 03, 2013","173.31","175.04","179.69","168.00","23.82M","-4.22%"
"Oct 02, 2013","180.95","188.59","191.83","175.40","20.78M","-6.24%"
"Oct 01, 2013","193.00","193.96","194.23","188.37","7.76M","-0.19%"
"Sep 30, 2013","193.37","189.00","194.50","188.00","8.93M","1.29%"
"Sep 27, 2013","190.90","187.52","191.28","186.43","5.92M","1.20%"
"Sep 26, 2013","188.64","186.70","189.68","185.61","6.62M","1.84%"
"Sep 25, 2013","185.24","183.56","186.30","180.50","8.25M","1.60%"
"Sep 24, 2013","182.33","179.14","184.96","177.65","6.28M","0.67%"
"Sep 23, 2013","181.11","184.48","185.48","177.11","8.19M","-1.24%"
"Sep 20, 2013","183.39","178.90","185.83","178.56","13.40M","3.07%"
"Sep 19, 2013","177.92","170.80","180.47","169.08","15.59M","7.04%"
"Sep 18, 2013","166.22","167.07","167.45","164.20","5.44M","-0.01%"
"Sep 17, 2013","166.23","165.08","168.42","163.36","5.50M","-0.21%"
"Sep 16, 2013","166.58","168.00","170.85","165.85","7.59M","0.63%"
"Sep 13, 2013","165.54","162.77","166.37","162.16","5.41M","0.37%"
"Sep 12, 2013","164.93","164.00","166.76","160.51","6.16M","0.86%"
"Sep 11, 2013","163.52","166.41","167.90","162.13","5.83M","-1.71%"
"Sep 10, 2013","166.37","161.45","167.50","160.63","8.97M","3.53%"
"Sep 09, 2013","160.70","163.12","164.50","158.51","14.34M","-3.76%"
"Sep 06, 2013","166.97","168.57","169.70","165.15","8.62M","-1.74%"
"Sep 05, 2013","169.93","170.10","171.50","168.25","6.69M","-0.40%"
"Sep 04, 2013","170.62","169.77","171.62","165.56","11.48M","0.99%"
"Sep 03, 2013","168.94","173.40","173.70","166.40","12.06M","-0.04%"
"Aug 30, 2013","169.00","166.37","169.21","163.96","11.03M","1.77%"
"Aug 29, 2013","166.06","164.22","167.75","162.51","9.45M","-0.23%"
"Aug 28, 2013","166.45","169.06","171.50","163.25","14.74M","-0.34%"
"Aug 27, 2013","167.01","162.30","168.80","160.95","17.57M","1.70%"
"Aug 26, 2013","164.22","165.15","173.00","160.25","24.17M","1.47%"
"Aug 23, 2013","161.84","157.00","162.30","155.00","12.93M","3.02%"
"Aug 22, 2013","157.10","149.22","157.48","148.14","10.59M","6.25%"
"Aug 21, 2013","147.86","150.00","150.31","146.25","6.27M","-1.15%"
"Aug 20, 2013","149.58","148.65","149.78","147.00","6.42M","3.23%"
"Aug 19, 2013","144.90","143.43","147.38","142.83","8.04M","2.04%"
"Aug 16, 2013","142.00","141.63","143.91","140.97","7.11M","1.67%"
"Aug 15, 2013","139.67","136.43","143.60","135.00","10.19M","0.22%"
"Aug 14, 2013","139.36","142.72","144.84","138.05","11.69M","-4.17%"
"Aug 13, 2013","145.43","149.50","149.84","144.45","8.75M","-1.32%"
"Aug 12, 2013","147.38","149.43","150.50","142.05","14.91M","-3.67%"
"Aug 09, 2013","153.00","152.40","155.95","151.25","8.94M","-0.31%"
"Aug 08, 2013","153.48","154.35","158.88","150.46","27.25M","14.34%"
"Aug 07, 2013","134.23","141.89","141.95","132.36","18.21M","-5.57%"
"Aug 06, 2013","142.15","144.75","145.73","141.10","9.26M","-1.75%"
"Aug 05, 2013","144.68","140.01","144.89","139.65","10.20M","4.84%"
"Aug 02, 2013","138.00","134.59","138.25","133.61","6.27M","1.81%"
"Aug 01, 2013","135.55","135.00","136.52","132.63","5.32M","0.95%"
"Jul 31, 2013","134.28","132.57","134.97","131.45","6.35M","1.93%"
"Jul 30, 2013","131.74","134.80","137.49","128.18","13.13M","-2.14%"
"Jul 29, 2013","134.62","129.32","135.37","128.25","9.69M","4.04%"
"Jul 26, 2013","129.39","128.14","130.68","126.61","9.64M","4.29%"
"Jul 25, 2013","124.07","120.40","124.75","120.19","5.29M","1.95%"
"Jul 24, 2013","121.70","124.47","124.50","119.56","6.87M","-0.85%"
"Jul 23, 2013","122.74","124.00","125.56","121.82","7.74M","0.25%"
"Jul 22, 2013","122.43","119.89","126.68","119.88","9.80M","2.30%"
"Jul 19, 2013","119.68","118.50","120.55","116.51","5.89M","0.55%"
"Jul 18, 2013","119.03","120.97","122.73","116.18","11.41M","-1.01%"
"Jul 17, 2013","120.25","106.52","121.62","104.50","26.03M","10.27%"
"Jul 16, 2013","109.05","126.28","126.32","107.30","32.37M","-14.31%"
"Jul 15, 2013","127.26","133.03","133.26","126.82","9.92M","-2.03%"
"Jul 12, 2013","129.90","125.50","129.94","124.51","11.35M","3.42%"
"Jul 11, 2013","125.61","124.88","126.09","122.35","7.49M","2.73%"
"Jul 10, 2013","122.27","123.19","123.25","120.79","5.60M","-0.96%"
"Jul 09, 2013","123.45","124.64","125.32","121.91","8.60M","1.51%"
"Jul 08, 2013","121.61","121.37","122.18","118.82","7.82M","1.27%"
"Jul 05, 2013","120.09","118.32","120.28","115.70","6.83M","4.21%"
"Jul 03, 2013","115.24","118.00","119.25","114.27","4.81M","-2.19%"
"Jul 02, 2013","117.82","118.25","121.89","115.50","12.07M","0.55%"
"Jul 01, 2013","117.18","109.36","117.77","109.15","10.90M","9.15%"
"Jun 28, 2013","107.36","108.57","109.44","106.71","5.75M","-1.73%"
"Jun 27, 2013","109.25","106.75","110.25","106.13","8.75M","3.34%"
"Jun 26, 2013","105.72","103.80","105.87","102.66","6.61M","3.24%"
"Jun 25, 2013","102.40","103.10","104.20","100.55","5.85M","0.90%"
"Jun 24, 2013","101.49","96.50","102.87","95.30","7.13M","1.95%"
"Jun 21, 2013","99.55","103.70","103.70","97.50","11.72M","-1.09%"
"Jun 20, 2013","100.65","104.65","107.13","99.45","10.11M","-3.85%"
"Jun 19, 2013","104.68","102.06","106.67","102.01","8.59M","1.25%"
"Jun 18, 2013","103.39","101.75","103.98","99.20","8.80M","1.16%"
"Jun 17, 2013","102.20","103.60","104.75","101.20","7.08M","1.89%"
"Jun 14, 2013","100.30","100.00","102.52","99.33","6.57M","2.16%"
"Jun 13, 2013","98.18","99.00","99.28","95.12","5.97M","0.46%"
"Jun 12, 2013","97.73","96.80","100.48","95.75","9.20M","3.45%"
"Jun 11, 2013","94.47","98.18","98.68","94.05","7.40M","-5.58%"
"Jun 10, 2013","100.05","98.93","102.52","98.57","9.23M","-1.95%"
"Jun 07, 2013","102.04","98.00","102.90","96.70","10.72M","4.82%"
"Jun 06, 2013","97.35","95.25","99.27","95.11","9.51M","2.08%"
"Jun 05, 2013","95.37","93.66","97.97","89.11","12.22M","0.56%"
"Jun 04, 2013","94.84","92.75","96.42","92.40","8.86M","2.43%"
"Jun 03, 2013","92.59","97.62","97.62","88.25","19.14M","-5.29%"
"May 31, 2013","97.76","106.26","106.44","97.73","15.17M","-6.85%"
"May 30, 2013","104.95","102.46","109.54","101.20","16.14M","0.31%"
"May 29, 2013","104.63","113.55","114.90","99.00","25.10M","-5.17%"
"May 28, 2013","110.33","101.55","110.75","100.30","19.69M","13.65%"
"May 24, 2013","97.08","92.60","97.95","92.00","16.12M","4.69%"
"May 23, 2013","92.73","84.81","93.01","83.05","12.04M","6.29%"
"May 22, 2013","87.24","86.37","90.96","85.50","8.57M","-0.40%"
"May 21, 2013","87.59","88.50","89.99","85.28","9.00M","-2.61%"
"May 20, 2013","89.94","91.12","92.50","88.63","8.35M","-1.70%"
"May 17, 2013","91.50","92.50","94.44","87.50","19.01M","-0.81%"
"May 16, 2013","92.25","94.70","95.00","88.66","21.61M","8.73%"
"May 15, 2013","84.84","81.80","86.88","78.11","16.88M","1.92%"
"May 14, 2013","83.24","94.22","97.12","81.15","37.16M","-5.19%"
"May 13, 2013","87.80","80.99","88.00","79.15","22.42M","14.38%"
"May 10, 2013","76.76","69.65","81.00","69.25","25.09M","10.61%"
"May 09, 2013","69.40","70.12","75.77","63.69","28.60M","24.40%"
"May 08, 2013","55.79","57.50","58.20","55.71","6.77M","0.50%"
"May 07, 2013","55.51","62.00","62.37","55.12","9.99M","-6.71%"
"May 06, 2013","59.50","56.39","59.66","55.50","4.37M","9.07%"
"May 03, 2013","54.55","56.47","56.47","54.50","3.38M","0.81%"
"May 02, 2013","54.11","53.85","55.27","53.70","3.05M","1.56%"
"May 01, 2013","53.28","55.99","55.99","53.00","2.74M","-1.32%"
"Apr 30, 2013","53.99","56.00","58.18","53.76","5.52M","-1.73%"
"Apr 29, 2013","54.94","51.76","54.99","51.20","3.64M","7.30%"
"Apr 26, 2013","51.20","53.13","53.74","50.62","3.62M","-1.54%"
"Apr 25, 2013","52.00","50.50","52.40","50.50","2.80M","3.11%"
"Apr 24, 2013","50.43","50.90","51.05","48.98","2.63M","-1.14%"
"Apr 23, 2013","51.01","51.00","52.92","50.66","3.74M","1.63%"
"Apr 22, 2013","50.19","48.60","50.20","47.75","3.94M","4.93%"
"Apr 19, 2013","47.83","47.46","49.88","47.07","3.01M","1.83%"
"Apr 18, 2013","46.97","45.98","47.60","45.39","3.37M","3.34%"
"Apr 17, 2013","45.45","45.50","45.95","44.54","2.12M","-0.31%"
"Apr 16, 2013","45.59","44.19","46.14","43.91","3.18M","5.29%"
"Apr 15, 2013","43.30","43.50","43.80","42.51","1.69M","-1.03%"
"Apr 12, 2013","43.75","43.25","45.14","43.05","3.15M","0.37%"
"Apr 11, 2013","43.59","42.06","44.55","41.75","3.45M","4.13%"
"Apr 10, 2013","41.86","40.70","42.01","40.61","2.12M","3.36%"
"Apr 09, 2013","40.50","41.80","41.83","40.33","1.70M","-3.18%"
"Apr 08, 2013","41.83","41.97","42.55","41.51","1.68M","1.11%"
"Apr 05, 2013","41.37","42.00","42.00","40.50","1.55M","-1.52%"
"Apr 04, 2013","42.01","41.11","42.25","40.81","2.26M","2.21%"
"Apr 03, 2013","41.10","43.10","43.47","40.21","5.64M","-7.31%"
"Apr 02, 2013","44.34","43.60","45.50","43.51","6.65M","0.93%"
"Apr 01, 2013","43.93","42.36","46.68","41.70","14.11M","15.94%"
"Mar 28, 2013","37.89","38.23","38.24","37.75","1.16M","-0.71%"
"Mar 27, 2013","38.16","37.94","38.38","37.31","1.30M","0.79%"
"Mar 26, 2013","37.86","37.98","38.22","37.66","1.81M","0.88%"
"Mar 25, 2013","37.53","37.10","38.52","36.77","2.38M","2.48%"
"Mar 22, 2013","36.62","36.20","36.80","36.20","446.24K","1.69%"
"Mar 21, 2013","36.01","35.95","37.06","35.74","1.15M","0.17%"
"Mar 20, 2013","35.95","35.26","36.07","35.16","1.42M","2.48%"
"Mar 19, 2013","35.08","35.25","35.60","34.94","1.10M","-0.20%"
"Mar 18, 2013","35.15","35.30","36.06","34.92","1.32M","-0.40%"
"Mar 15, 2013","35.29","36.64","36.65","35.21","3.28M","-4.23%"
"Mar 14, 2013","36.85","38.90","38.91","36.77","2.02M","-5.46%"
"Mar 13, 2013","38.98","39.00","39.49","38.81","821.99K","-0.36%"
"Mar 12, 2013","39.12","38.90","39.38","38.85","1.28M","0.05%"
"Mar 11, 2013","39.10","38.87","39.44","38.65","1.58M","1.64%"
"Mar 08, 2013","38.47","38.06","39.44","37.36","912.05K","0.63%"
"Mar 07, 2013","38.23","37.73","38.65","36.88","1.16M","1.43%"
"Mar 06, 2013","37.69","37.01","37.88","36.97","1.15M","2.84%"
"Mar 05, 2013","36.65","36.00","36.92","35.79","2.09M","3.01%"
"Mar 04, 2013","35.58","34.77","35.83","34.70","1.76M","2.68%"
"Mar 01, 2013","34.65","35.00","35.08","34.25","1.55M","-0.52%"
"Feb 28, 2013","34.83","35.89","36.10","34.37","1.96M","-0.77%"
"Feb 27, 2013","35.10","34.41","35.41","34.40","1.96M","1.95%"
"Feb 26, 2013","34.43","34.46","34.96","33.80","2.76M","0.15%"
"Feb 25, 2013","34.38","36.15","36.75","34.34","2.89M","-4.79%"
"Feb 22, 2013","36.11","35.72","36.39","35.60","2.55M","2.70%"
"Feb 21, 2013","35.16","36.49","37.39","34.54","9.04M","-8.77%"
"Feb 20, 2013","38.54","39.30","39.65","38.46","3.12M","-1.88%"
"Feb 19, 2013","39.28","37.36","39.29","37.31","2.70M","6.05%"
"Feb 15, 2013","37.04","38.50","38.51","36.95","2.02M","-3.29%"
"Feb 14, 2013","38.30","38.64","38.75","38.21","990.64K","-0.39%"
"Feb 13, 2013","38.45","38.30","39.00","38.05","967.10K","1.48%"
"Feb 12, 2013","37.89","38.45","38.87","37.29","2.26M","-1.38%"
"Feb 11, 2013","38.42","37.98","39.15","37.50","3.27M","-2.09%"
"Feb 08, 2013","39.24","39.45","40.00","39.14","1.14M","-0.61%"
"Feb 07, 2013","39.48","39.19","39.68","38.95","1.20M","0.79%"
"Feb 06, 2013","39.17","38.18","39.39","37.90","1.89M","2.73%"
"Feb 05, 2013","38.13","38.00","38.65","37.68","1.31M","1.03%"
"Feb 04, 2013","37.74","38.40","38.42","37.59","1.13M","-1.46%"
"Feb 01, 2013","38.30","38.17","38.50","37.62","1.10M","2.11%"
"Jan 31, 2013","37.51","37.87","37.87","36.93","901.32K","-0.03%"
"Jan 30, 2013","37.52","37.85","38.00","37.43","968.10K","-1.13%"
"Jan 29, 2013","37.95","38.10","38.44","37.13","1.43M","-0.21%"
"Jan 28, 2013","38.03","36.86","38.71","36.86","1.99M","2.84%"
"Jan 25, 2013","36.98","37.00","37.54","36.80","1.29M","-0.03%"
"Jan 24, 2013","36.99","36.00","37.72","35.84","1.97M","2.75%"
"Jan 23, 2013","36.00","35.02","36.24","34.96","1.56M","2.30%"
"Jan 22, 2013","35.19","34.56","35.55","34.26","1.92M","1.94%"
"Jan 18, 2013","34.52","34.74","34.78","33.82","3.56M","0.41%"
"Jan 17, 2013","34.38","34.16","34.85","33.92","1.44M","0.82%"
"Jan 16, 2013","34.10","33.85","34.23","33.73","1.38M","0.59%"
"Jan 15, 2013","33.90","33.11","34.25","33.08","1.62M","1.92%"
"Jan 14, 2013","33.26","33.08","33.38","32.85","925.02K","1.06%"
"Jan 11, 2013","32.91","34.04","34.04","32.11","1.56M","-1.85%"
"Jan 10, 2013","33.53","33.87","33.99","33.38","922.41K","-0.33%"
"Jan 09, 2013","33.64","34.01","34.19","33.40","697.98K","-0.12%"
"Jan 08, 2013","33.68","34.50","34.50","33.11","1.28M","-1.92%"
"Jan 07, 2013","34.34","34.80","34.80","33.90","441.91K","-0.17%"
"Jan 04, 2013","34.40","34.80","34.80","33.92","673.99K","-1.06%"
"Jan 03, 2013","34.77","35.18","35.45","34.75","741.94K","-1.67%"
"Jan 02, 2013","35.36","35.00","35.45","34.70","1.19M","4.40%"